node_id,x,y
0,0,0
1,1,0
2,1,1
3,0,1
4,0.5,0.5
5,0.5,0
6,0,0.5
7,1,0.5
8,0.5,1
9,0.25,0.25
10,0.75,0.25
11,0.75,0.75
12,0.25,0.75
13,0.25,0
14,0,0.25
15,0.75,0
16,1,0.25
17,1,0.75
18,0.75,1
19,0,0.75
20,0.25,1
21,0.5,0.25
22,0.25,0.5
23,0.75,0.5
24,0.5,0.75
25,0.125,0.125
26,0.875,0.125
27,0.875,0.875
28,0.125,0.875
29,0.375,0.375
30,0.625,0.375
31,0.625,0.625
32,0.375,0.625
33,0.375,0.125
34,0.625,0.125
35,0.125,0.375
36,0.125,0.625
37,0.875,0.375
38,0.875,0.625
39,0.625,0.875
40,0.375,0.875
41,0.125,0
42,0,0.125
43,0.875,0
44,1,0.125
45,1,0.875
46,0.875,1
47,0,0.875
48,0.125,1
49,0.5,0.375
50,0.375,0.5
51,0.625,0.5
52,0.5,0.625
53,0.375,0
54,0.625,0
55,0.5,0.125
56,0,0.375
57,0,0.625
58,0.125,0.5
59,1,0.375
60,1,0.625
61,0.875,0.5
62,0.625,1
63,0.375,1
64,0.5,0.875
65,0.25,0.125
66,0.125,0.25
67,0.375,0.25
68,0.25,0.375
69,0.75,0.125
70,0.875,0.25
71,0.625,0.25
72,0.75,0.375
73,0.875,0.75
74,0.75,0.875
75,0.75,0.625
76,0.625,0.75
77,0.125,0.75
78,0.25,0.875
79,0.25,0.625
80,0.375,0.75
81,0.0625,0.0625
82,0.9375,0.0625
83,0.9375,0.9375
84,0.0625,0.9375
85,0.4375,0.4375
86,0.5625,0.4375
87,0.5625,0.5625
88,0.4375,0.5625
89,0.4375,0.0625
90,0.5625,0.0625
91,0.0625,0.4375
92,0.0625,0.5625
93,0.9375,0.4375
94,0.9375,0.5625
95,0.5625,0.9375
96,0.4375,0.9375
97,0.1875,0.1875
98,0.3125,0.3125
99,0.3125,0.1875
100,0.1875,0.3125
101,0.8125,0.1875
102,0.6875,0.3125
103,0.6875,0.1875
104,0.8125,0.3125
105,0.8125,0.8125
106,0.6875,0.6875
107,0.8125,0.6875
108,0.6875,0.8125
109,0.1875,0.8125
110,0.3125,0.6875
111,0.1875,0.6875
112,0.3125,0.8125
113,0.1875,0.0625
114,0.3125,0.0625
115,0.0625,0.1875
116,0.0625,0.3125
117,0.8125,0.0625
118,0.6875,0.0625
119,0.9375,0.1875
120,0.9375,0.3125
121,0.9375,0.8125
122,0.9375,0.6875
123,0.8125,0.9375
124,0.6875,0.9375
125,0.0625,0.8125
126,0.0625,0.6875
127,0.1875,0.9375
128,0.3125,0.9375
129,0.4375,0.3125
130,0.5625,0.3125
131,0.4375,0.1875
132,0.5625,0.1875
133,0.3125,0.4375
134,0.3125,0.5625
135,0.1875,0.4375
136,0.1875,0.5625
137,0.6875,0.4375
138,0.6875,0.5625
139,0.8125,0.4375
140,0.8125,0.5625
141,0.5625,0.6875
142,0.4375,0.6875
143,0.5625,0.8125
144,0.4375,0.8125
145,0.0625,0
146,0,0.0625
147,0.9375,0
148,1,0.0625
149,1,0.9375
150,0.9375,1
151,0,0.9375
152,0.0625,1
153,0.5,0.4375
154,0.4375,0.5
155,0.5625,0.5
156,0.5,0.5625
157,0.4375,0
158,0.5625,0
159,0.5,0.0625
160,0,0.4375
161,0,0.5625
162,0.0625,0.5
163,1,0.4375
164,1,0.5625
165,0.9375,0.5
166,0.5625,1
167,0.4375,1
168,0.5,0.9375
169,0.25,0.1875
170,0.1875,0.25
171,0.3125,0.25
172,0.25,0.3125
173,0.75,0.1875
174,0.8125,0.25
175,0.6875,0.25
176,0.75,0.3125
177,0.8125,0.75
178,0.75,0.8125
179,0.75,0.6875
180,0.6875,0.75
181,0.1875,0.75
182,0.25,0.8125
183,0.25,0.6875
184,0.3125,0.75
185,0.1875,0
186,0.3125,0
187,0.25,0.0625
188,0,0.1875
189,0,0.3125
190,0.0625,0.25
191,0.8125,0
192,0.6875,0
193,0.75,0.0625
194,1,0.1875
195,1,0.3125
196,0.9375,0.25
197,1,0.8125
198,1,0.6875
199,0.9375,0.75
200,0.8125,1
201,0.6875,1
202,0.75,0.9375
203,0,0.8125
204,0,0.6875
205,0.0625,0.75
206,0.1875,1
207,0.3125,1
208,0.25,0.9375
209,0.5,0.3125
210,0.5,0.1875
211,0.4375,0.25
212,0.5625,0.25
213,0.3125,0.5
214,0.1875,0.5
215,0.25,0.4375
216,0.25,0.5625
217,0.6875,0.5
218,0.8125,0.5
219,0.75,0.4375
220,0.75,0.5625
221,0.5,0.6875
222,0.5,0.8125
223,0.5625,0.75
224,0.4375,0.75
225,0.125,0.0625
226,0.0625,0.125
227,0.1875,0.125
228,0.125,0.1875
229,0.875,0.0625
230,0.9375,0.125
231,0.8125,0.125
232,0.875,0.1875
233,0.9375,0.875
234,0.875,0.9375
235,0.875,0.8125
236,0.8125,0.875
237,0.0625,0.875
238,0.125,0.9375
239,0.125,0.8125
240,0.1875,0.875
241,0.4375,0.375
242,0.375,0.4375
243,0.375,0.3125
244,0.3125,0.375
245,0.5625,0.375
246,0.625,0.4375
247,0.625,0.3125
248,0.6875,0.375
249,0.625,0.5625
250,0.5625,0.625
251,0.6875,0.625
252,0.625,0.6875
253,0.375,0.5625
254,0.4375,0.625
255,0.3125,0.625
256,0.375,0.6875
257,0.375,0.0625
258,0.4375,0.125
259,0.3125,0.125
260,0.375,0.1875
261,0.625,0.0625
262,0.5625,0.125
263,0.6875,0.125
264,0.625,0.1875
265,0.0625,0.375
266,0.125,0.4375
267,0.125,0.3125
268,0.1875,0.375
269,0.0625,0.625
270,0.125,0.5625
271,0.125,0.6875
272,0.1875,0.625
273,0.9375,0.375
274,0.875,0.4375
275,0.875,0.3125
276,0.8125,0.375
277,0.9375,0.625
278,0.875,0.5625
279,0.875,0.6875
280,0.8125,0.625
281,0.625,0.9375
282,0.5625,0.875
283,0.6875,0.875
284,0.625,0.8125
285,0.375,0.9375
286,0.4375,0.875
287,0.3125,0.875
288,0.375,0.8125
289,0.03125,0.03125
290,0.96875,0.03125
291,0.96875,0.96875
292,0.03125,0.96875
293,0.46875,0.46875
294,0.53125,0.46875
295,0.53125,0.53125
296,0.46875,0.53125
297,0.46875,0.03125
298,0.53125,0.03125
299,0.03125,0.46875
300,0.03125,0.53125
301,0.96875,0.46875
302,0.96875,0.53125
303,0.53125,0.96875
304,0.46875,0.96875
305,0.21875,0.21875
306,0.28125,0.28125
307,0.28125,0.21875
308,0.21875,0.28125
309,0.78125,0.21875
310,0.71875,0.28125
311,0.71875,0.21875
312,0.78125,0.28125
313,0.78125,0.78125
314,0.71875,0.71875
315,0.78125,0.71875
316,0.71875,0.78125
317,0.21875,0.78125
318,0.28125,0.71875
319,0.21875,0.71875
320,0.28125,0.78125
321,0.21875,0.03125
322,0.28125,0.03125
323,0.03125,0.21875
324,0.03125,0.28125
325,0.78125,0.03125
326,0.71875,0.03125
327,0.96875,0.21875
328,0.96875,0.28125
329,0.96875,0.78125
330,0.96875,0.71875
331,0.78125,0.96875
332,0.71875,0.96875
333,0.03125,0.78125
334,0.03125,0.71875
335,0.21875,0.96875
336,0.28125,0.96875
337,0.46875,0.28125
338,0.53125,0.28125
339,0.46875,0.21875
340,0.53125,0.21875
341,0.28125,0.46875
342,0.28125,0.53125
343,0.21875,0.46875
344,0.21875,0.53125
345,0.71875,0.46875
346,0.71875,0.53125
347,0.78125,0.46875
348,0.78125,0.53125
349,0.53125,0.71875
350,0.46875,0.71875
351,0.53125,0.78125
352,0.46875,0.78125
353,0.09375,0.09375
354,0.15625,0.15625
355,0.15625,0.09375
356,0.09375,0.15625
357,0.90625,0.09375
358,0.84375,0.15625
359,0.84375,0.09375
360,0.90625,0.15625
361,0.90625,0.90625
362,0.84375,0.84375
363,0.90625,0.84375
364,0.84375,0.90625
365,0.09375,0.90625
366,0.15625,0.84375
367,0.09375,0.84375
368,0.15625,0.90625
369,0.40625,0.40625
370,0.34375,0.34375
371,0.40625,0.34375
372,0.34375,0.40625
373,0.59375,0.40625
374,0.65625,0.34375
375,0.59375,0.34375
376,0.65625,0.40625
377,0.59375,0.59375
378,0.65625,0.65625
379,0.65625,0.59375
380,0.59375,0.65625
381,0.40625,0.59375
382,0.34375,0.65625
383,0.34375,0.59375
384,0.40625,0.65625
385,0.40625,0.09375
386,0.34375,0.15625
387,0.34375,0.09375
388,0.40625,0.15625
389,0.59375,0.09375
390,0.65625,0.15625
391,0.65625,0.09375
392,0.59375,0.15625
393,0.09375,0.40625
394,0.15625,0.34375
395,0.09375,0.34375
396,0.15625,0.40625
397,0.09375,0.59375
398,0.15625,0.65625
399,0.09375,0.65625
400,0.15625,0.59375
401,0.90625,0.40625
402,0.84375,0.34375
403,0.90625,0.34375
404,0.84375,0.40625
405,0.90625,0.59375
406,0.84375,0.65625
407,0.90625,0.65625
408,0.84375,0.59375
409,0.59375,0.90625
410,0.65625,0.84375
411,0.65625,0.90625
412,0.59375,0.84375
413,0.40625,0.90625
414,0.34375,0.84375
415,0.34375,0.90625
416,0.40625,0.84375
417,0.09375,0.03125
418,0.15625,0.03125
419,0.03125,0.09375
420,0.03125,0.15625
421,0.90625,0.03125
422,0.84375,0.03125
423,0.96875,0.09375
424,0.96875,0.15625
425,0.96875,0.90625
426,0.96875,0.84375
427,0.90625,0.96875
428,0.84375,0.96875
429,0.03125,0.90625
430,0.03125,0.84375
431,0.09375,0.96875
432,0.15625,0.96875
433,0.46875,0.40625
434,0.53125,0.40625
435,0.46875,0.34375
436,0.53125,0.34375
437,0.40625,0.46875
438,0.40625,0.53125
439,0.34375,0.46875
440,0.34375,0.53125
441,0.59375,0.46875
442,0.59375,0.53125
443,0.65625,0.46875
444,0.65625,0.53125
445,0.53125,0.59375
446,0.46875,0.59375
447,0.53125,0.65625
448,0.46875,0.65625
449,0.40625,0.03125
450,0.34375,0.03125
451,0.59375,0.03125
452,0.65625,0.03125
453,0.46875,0.09375
454,0.53125,0.09375
455,0.46875,0.15625
456,0.53125,0.15625
457,0.03125,0.40625
458,0.03125,0.34375
459,0.03125,0.59375
460,0.03125,0.65625
461,0.09375,0.46875
462,0.09375,0.53125
463,0.15625,0.46875
464,0.15625,0.53125
465,0.96875,0.40625
466,0.96875,0.34375
467,0.96875,0.59375
468,0.96875,0.65625
469,0.90625,0.46875
470,0.90625,0.53125
471,0.84375,0.46875
472,0.84375,0.53125
473,0.59375,0.96875
474,0.65625,0.96875
475,0.40625,0.96875
476,0.34375,0.96875
477,0.53125,0.90625
478,0.46875,0.90625
479,0.53125,0.84375
480,0.46875,0.84375
481,0.21875,0.15625
482,0.28125,0.15625
483,0.21875,0.09375
484,0.28125,0.09375
485,0.15625,0.21875
486,0.15625,0.28125
487,0.09375,0.21875
488,0.09375,0.28125
489,0.34375,0.28125
490,0.34375,0.21875
491,0.40625,0.28125
492,0.40625,0.21875
493,0.28125,0.34375
494,0.21875,0.34375
495,0.28125,0.40625
496,0.21875,0.40625
497,0.78125,0.15625
498,0.71875,0.15625
499,0.78125,0.09375
500,0.71875,0.09375
501,0.84375,0.21875
502,0.84375,0.28125
503,0.90625,0.21875
504,0.90625,0.28125
505,0.65625,0.28125
506,0.65625,0.21875
507,0.59375,0.28125
508,0.59375,0.21875
509,0.71875,0.34375
510,0.78125,0.34375
511,0.71875,0.40625
512,0.78125,0.40625
513,0.84375,0.78125
514,0.84375,0.71875
515,0.90625,0.78125
516,0.90625,0.71875
517,0.78125,0.84375
518,0.71875,0.84375
519,0.78125,0.90625
520,0.71875,0.90625
521,0.71875,0.65625
522,0.78125,0.65625
523,0.71875,0.59375
524,0.78125,0.59375
525,0.65625,0.71875
526,0.65625,0.78125
527,0.59375,0.71875
528,0.59375,0.78125
529,0.15625,0.78125
530,0.15625,0.71875
531,0.09375,0.78125
532,0.09375,0.71875
533,0.21875,0.84375
534,0.28125,0.84375
535,0.21875,0.90625
536,0.28125,0.90625
537,0.28125,0.65625
538,0.21875,0.65625
539,0.28125,0.59375
540,0.21875,0.59375
541,0.34375,0.71875
542,0.34375,0.78125
543,0.40625,0.71875
544,0.40625,0.78125
545,0.03125,0
546,0,0.03125
547,0.96875,0
548,1,0.03125
549,1,0.96875
550,0.96875,1
551,0,0.96875
552,0.03125,1
553,0.5,0.46875
554,0.46875,0.5
555,0.53125,0.5
556,0.5,0.53125
557,0.46875,0
558,0.53125,0
559,0.5,0.03125
560,0,0.46875
561,0,0.53125
562,0.03125,0.5
563,1,0.46875
564,1,0.53125
565,0.96875,0.5
566,0.53125,1
567,0.46875,1
568,0.5,0.96875
569,0.25,0.21875
570,0.21875,0.25
571,0.28125,0.25
572,0.25,0.28125
573,0.75,0.21875
574,0.78125,0.25
575,0.71875,0.25
576,0.75,0.28125
577,0.78125,0.75
578,0.75,0.78125
579,0.75,0.71875
580,0.71875,0.75
581,0.21875,0.75
582,0.25,0.78125
583,0.25,0.71875
584,0.28125,0.75
585,0.21875,0
586,0.28125,0
587,0.25,0.03125
588,0,0.21875
589,0,0.28125
590,0.03125,0.25
591,0.78125,0
592,0.71875,0
593,0.75,0.03125
594,1,0.21875
595,1,0.28125
596,0.96875,0.25
597,1,0.78125
598,1,0.71875
599,0.96875,0.75
600,0.78125,1
601,0.71875,1
602,0.75,0.96875
603,0,0.78125
604,0,0.71875
605,0.03125,0.75
606,0.21875,1
607,0.28125,1
608,0.25,0.96875
609,0.5,0.28125
610,0.5,0.21875
611,0.46875,0.25
612,0.53125,0.25
613,0.28125,0.5
614,0.21875,0.5
615,0.25,0.46875
616,0.25,0.53125
617,0.71875,0.5
618,0.78125,0.5
619,0.75,0.46875
620,0.75,0.53125
621,0.5,0.71875
622,0.5,0.78125
623,0.53125,0.75
624,0.46875,0.75
625,0.125,0.09375
626,0.09375,0.125
627,0.15625,0.125
628,0.125,0.15625
629,0.875,0.09375
630,0.90625,0.125
631,0.84375,0.125
632,0.875,0.15625
633,0.90625,0.875
634,0.875,0.90625
635,0.875,0.84375
636,0.84375,0.875
637,0.09375,0.875
638,0.125,0.90625
639,0.125,0.84375
640,0.15625,0.875
641,0.40625,0.375
642,0.375,0.40625
643,0.375,0.34375
644,0.34375,0.375
645,0.59375,0.375
646,0.625,0.40625
647,0.625,0.34375
648,0.65625,0.375
649,0.625,0.59375
650,0.59375,0.625
651,0.65625,0.625
652,0.625,0.65625
653,0.375,0.59375
654,0.40625,0.625
655,0.34375,0.625
656,0.375,0.65625
657,0.375,0.09375
658,0.40625,0.125
659,0.34375,0.125
660,0.375,0.15625
661,0.625,0.09375
662,0.59375,0.125
663,0.65625,0.125
664,0.625,0.15625
665,0.09375,0.375
666,0.125,0.40625
667,0.125,0.34375
668,0.15625,0.375
669,0.09375,0.625
670,0.125,0.59375
671,0.125,0.65625
672,0.15625,0.625
673,0.90625,0.375
674,0.875,0.40625
675,0.875,0.34375
676,0.84375,0.375
677,0.90625,0.625
678,0.875,0.59375
679,0.875,0.65625
680,0.84375,0.625
681,0.625,0.90625
682,0.59375,0.875
683,0.65625,0.875
684,0.625,0.84375
685,0.375,0.90625
686,0.40625,0.875
687,0.34375,0.875
688,0.375,0.84375
689,0.09375,0
690,0.15625,0
691,0.125,0.03125
692,0,0.09375
693,0,0.15625
694,0.03125,0.125
695,0.90625,0
696,0.84375,0
697,0.875,0.03125
698,1,0.09375
699,1,0.15625
700,0.96875,0.125
701,1,0.90625
702,1,0.84375
703,0.96875,0.875
704,0.90625,1
705,0.84375,1
706,0.875,0.96875
707,0,0.90625
708,0,0.84375
709,0.03125,0.875
710,0.09375,1
711,0.15625,1
712,0.125,0.96875
713,0.5,0.40625
714,0.5,0.34375
715,0.46875,0.375
716,0.53125,0.375
717,0.40625,0.5
718,0.34375,0.5
719,0.375,0.46875
720,0.375,0.53125
721,0.59375,0.5
722,0.65625,0.5
723,0.625,0.46875
724,0.625,0.53125
725,0.5,0.59375
726,0.5,0.65625
727,0.53125,0.625
728,0.46875,0.625
729,0.40625,0
730,0.34375,0
731,0.375,0.03125
732,0.59375,0
733,0.65625,0
734,0.625,0.03125
735,0.5,0.09375
736,0.5,0.15625
737,0.46875,0.125
738,0.53125,0.125
739,0,0.40625
740,0,0.34375
741,0.03125,0.375
742,0,0.59375
743,0,0.65625
744,0.03125,0.625
745,0.09375,0.5
746,0.15625,0.5
747,0.125,0.46875
748,0.125,0.53125
749,1,0.40625
750,1,0.34375
751,0.96875,0.375
752,1,0.59375
753,1,0.65625
754,0.96875,0.625
755,0.90625,0.5
756,0.84375,0.5
757,0.875,0.46875
758,0.875,0.53125
759,0.59375,1
760,0.65625,1
761,0.625,0.96875
762,0.40625,1
763,0.34375,1
764,0.375,0.96875
765,0.5,0.90625
766,0.5,0.84375
767,0.53125,0.875
768,0.46875,0.875
769,0.25,0.15625
770,0.25,0.09375
771,0.21875,0.125
772,0.28125,0.125
773,0.15625,0.25
774,0.09375,0.25
775,0.125,0.21875
776,0.125,0.28125
777,0.34375,0.25
778,0.40625,0.25
779,0.375,0.28125
780,0.375,0.21875
781,0.25,0.34375
782,0.25,0.40625
783,0.28125,0.375
784,0.21875,0.375
785,0.75,0.15625
786,0.75,0.09375
787,0.78125,0.125
788,0.71875,0.125
789,0.84375,0.25
790,0.90625,0.25
791,0.875,0.21875
792,0.875,0.28125
793,0.65625,0.25
794,0.59375,0.25
795,0.625,0.28125
796,0.625,0.21875
797,0.75,0.34375
798,0.75,0.40625
799,0.71875,0.375
800,0.78125,0.375
801,0.84375,0.75
802,0.90625,0.75
803,0.875,0.78125
804,0.875,0.71875
805,0.75,0.84375
806,0.75,0.90625
807,0.78125,0.875
808,0.71875,0.875
809,0.75,0.65625
810,0.75,0.59375
811,0.71875,0.625
812,0.78125,0.625
813,0.65625,0.75
814,0.59375,0.75
815,0.625,0.71875
816,0.625,0.78125
817,0.15625,0.75
818,0.09375,0.75
819,0.125,0.78125
820,0.125,0.71875
821,0.25,0.84375
822,0.25,0.90625
823,0.21875,0.875
824,0.28125,0.875
825,0.25,0.65625
826,0.25,0.59375
827,0.28125,0.625
828,0.21875,0.625
829,0.34375,0.75
830,0.40625,0.75
831,0.375,0.71875
832,0.375,0.78125
833,0.0625,0.03125
834,0.03125,0.0625
835,0.09375,0.0625
836,0.0625,0.09375
837,0.9375,0.03125
838,0.96875,0.0625
839,0.90625,0.0625
840,0.9375,0.09375
841,0.96875,0.9375
842,0.9375,0.96875
843,0.9375,0.90625
844,0.90625,0.9375
845,0.03125,0.9375
846,0.0625,0.96875
847,0.0625,0.90625
848,0.09375,0.9375
849,0.46875,0.4375
850,0.4375,0.46875
851,0.4375,0.40625
852,0.40625,0.4375
853,0.53125,0.4375
854,0.5625,0.46875
855,0.5625,0.40625
856,0.59375,0.4375
857,0.5625,0.53125
858,0.53125,0.5625
859,0.59375,0.5625
860,0.5625,0.59375
861,0.4375,0.53125
862,0.46875,0.5625
863,0.40625,0.5625
864,0.4375,0.59375
865,0.4375,0.03125
866,0.46875,0.0625
867,0.40625,0.0625
868,0.4375,0.09375
869,0.5625,0.03125
870,0.53125,0.0625
871,0.59375,0.0625
872,0.5625,0.09375
873,0.03125,0.4375
874,0.0625,0.46875
875,0.0625,0.40625
876,0.09375,0.4375
877,0.03125,0.5625
878,0.0625,0.53125
879,0.0625,0.59375
880,0.09375,0.5625
881,0.96875,0.4375
882,0.9375,0.46875
883,0.9375,0.40625
884,0.90625,0.4375
885,0.96875,0.5625
886,0.9375,0.53125
887,0.9375,0.59375
888,0.90625,0.5625
889,0.5625,0.96875
890,0.53125,0.9375
891,0.59375,0.9375
892,0.5625,0.90625
893,0.4375,0.96875
894,0.46875,0.9375
895,0.40625,0.9375
896,0.4375,0.90625
897,0.21875,0.1875
898,0.1875,0.21875
899,0.1875,0.15625
900,0.15625,0.1875
901,0.3125,0.28125
902,0.28125,0.3125
903,0.34375,0.3125
904,0.3125,0.34375
905,0.28125,0.1875
906,0.3125,0.21875
907,0.3125,0.15625
908,0.34375,0.1875
909,0.1875,0.28125
910,0.21875,0.3125
911,0.15625,0.3125
912,0.1875,0.34375
913,0.78125,0.1875
914,0.8125,0.21875
915,0.8125,0.15625
916,0.84375,0.1875
917,0.6875,0.28125
918,0.71875,0.3125
919,0.65625,0.3125
920,0.6875,0.34375
921,0.71875,0.1875
922,0.6875,0.21875
923,0.6875,0.15625
924,0.65625,0.1875
925,0.8125,0.28125
926,0.78125,0.3125
927,0.84375,0.3125
928,0.8125,0.34375
929,0.8125,0.78125
930,0.78125,0.8125
931,0.84375,0.8125
932,0.8125,0.84375
933,0.71875,0.6875
934,0.6875,0.71875
935,0.6875,0.65625
936,0.65625,0.6875
937,0.8125,0.71875
938,0.78125,0.6875
939,0.84375,0.6875
940,0.8125,0.65625
941,0.71875,0.8125
942,0.6875,0.78125
943,0.6875,0.84375
944,0.65625,0.8125
945,0.1875,0.78125
946,0.21875,0.8125
947,0.15625,0.8125
948,0.1875,0.84375
949,0.28125,0.6875
950,0.3125,0.71875
951,0.3125,0.65625
952,0.34375,0.6875
953,0.1875,0.71875
954,0.21875,0.6875
955,0.15625,0.6875
956,0.1875,0.65625
957,0.28125,0.8125
958,0.3125,0.78125
959,0.3125,0.84375
960,0.34375,0.8125
961,0.1875,0.03125
962,0.21875,0.0625
963,0.15625,0.0625
964,0.1875,0.09375
965,0.3125,0.03125
966,0.28125,0.0625
967,0.34375,0.0625
968,0.3125,0.09375
969,0.03125,0.1875
970,0.0625,0.21875
971,0.0625,0.15625
972,0.09375,0.1875
973,0.03125,0.3125
974,0.0625,0.28125
975,0.0625,0.34375
976,0.09375,0.3125
977,0.8125,0.03125
978,0.78125,0.0625
979,0.84375,0.0625
980,0.8125,0.09375
981,0.6875,0.03125
982,0.71875,0.0625
983,0.65625,0.0625
984,0.6875,0.09375
985,0.96875,0.1875
986,0.9375,0.21875
987,0.9375,0.15625
988,0.90625,0.1875
989,0.96875,0.3125
990,0.9375,0.28125
991,0.9375,0.34375
992,0.90625,0.3125
993,0.96875,0.8125
994,0.9375,0.78125
995,0.9375,0.84375
996,0.90625,0.8125
997,0.96875,0.6875
998,0.9375,0.71875
999,0.9375,0.65625
1000,0.90625,0.6875
1001,0.8125,0.96875
1002,0.78125,0.9375
1003,0.84375,0.9375
1004,0.8125,0.90625
1005,0.6875,0.96875
1006,0.71875,0.9375
1007,0.65625,0.9375
1008,0.6875,0.90625
1009,0.03125,0.8125
1010,0.0625,0.78125
1011,0.0625,0.84375
1012,0.09375,0.8125
1013,0.03125,0.6875
1014,0.0625,0.71875
1015,0.0625,0.65625
1016,0.09375,0.6875
1017,0.1875,0.96875
1018,0.21875,0.9375
1019,0.15625,0.9375
1020,0.1875,0.90625
1021,0.3125,0.96875
1022,0.28125,0.9375
1023,0.34375,0.9375
1024,0.3125,0.90625
1025,0.46875,0.3125
1026,0.4375,0.28125
1027,0.4375,0.34375
1028,0.40625,0.3125
1029,0.53125,0.3125
1030,0.5625,0.28125
1031,0.5625,0.34375
1032,0.59375,0.3125
1033,0.46875,0.1875
1034,0.4375,0.21875
1035,0.4375,0.15625
1036,0.40625,0.1875
1037,0.53125,0.1875
1038,0.5625,0.21875
1039,0.5625,0.15625
1040,0.59375,0.1875
1041,0.3125,0.46875
1042,0.28125,0.4375
1043,0.34375,0.4375
1044,0.3125,0.40625
1045,0.3125,0.53125
1046,0.28125,0.5625
1047,0.34375,0.5625
1048,0.3125,0.59375
1049,0.1875,0.46875
1050,0.21875,0.4375
1051,0.15625,0.4375
1052,0.1875,0.40625
1053,0.1875,0.53125
1054,0.21875,0.5625
1055,0.15625,0.5625
1056,0.1875,0.59375
1057,0.6875,0.46875
1058,0.71875,0.4375
1059,0.65625,0.4375
1060,0.6875,0.40625
1061,0.6875,0.53125
1062,0.71875,0.5625
1063,0.65625,0.5625
1064,0.6875,0.59375
1065,0.8125,0.46875
1066,0.78125,0.4375
1067,0.84375,0.4375
1068,0.8125,0.40625
1069,0.8125,0.53125
1070,0.78125,0.5625
1071,0.84375,0.5625
1072,0.8125,0.59375
1073,0.53125,0.6875
1074,0.5625,0.71875
1075,0.5625,0.65625
1076,0.59375,0.6875
1077,0.46875,0.6875
1078,0.4375,0.71875
1079,0.4375,0.65625
1080,0.40625,0.6875
1081,0.53125,0.8125
1082,0.5625,0.78125
1083,0.5625,0.84375
1084,0.59375,0.8125
1085,0.46875,0.8125
1086,0.4375,0.78125
1087,0.4375,0.84375
1088,0.40625,0.8125
1089,0.015625,0.015625
1090,0.984375,0.015625
1091,0.984375,0.984375
1092,0.015625,0.984375
1093,0.484375,0.484375
1094,0.515625,0.484375
1095,0.515625,0.515625
1096,0.484375,0.515625
1097,0.484375,0.015625
1098,0.515625,0.015625
1099,0.015625,0.484375
1100,0.015625,0.515625
1101,0.984375,0.484375
1102,0.984375,0.515625
1103,0.515625,0.984375
1104,0.484375,0.984375
1105,0.234375,0.234375
1106,0.265625,0.265625
1107,0.265625,0.234375
1108,0.234375,0.265625
1109,0.765625,0.234375
1110,0.734375,0.265625
1111,0.734375,0.234375
1112,0.765625,0.265625
1113,0.765625,0.765625
1114,0.734375,0.734375
1115,0.765625,0.734375
1116,0.734375,0.765625
1117,0.234375,0.765625
1118,0.265625,0.734375
1119,0.234375,0.734375
1120,0.265625,0.765625
1121,0.234375,0.015625
1122,0.265625,0.015625
1123,0.015625,0.234375
1124,0.015625,0.265625
1125,0.765625,0.015625
1126,0.734375,0.015625
1127,0.984375,0.234375
1128,0.984375,0.265625
1129,0.984375,0.765625
1130,0.984375,0.734375
1131,0.765625,0.984375
1132,0.734375,0.984375
1133,0.015625,0.765625
1134,0.015625,0.734375
1135,0.234375,0.984375
1136,0.265625,0.984375
1137,0.484375,0.265625
1138,0.515625,0.265625
1139,0.484375,0.234375
1140,0.515625,0.234375
1141,0.265625,0.484375
1142,0.265625,0.515625
1143,0.234375,0.484375
1144,0.234375,0.515625
1145,0.734375,0.484375
1146,0.734375,0.515625
1147,0.765625,0.484375
1148,0.765625,0.515625
1149,0.515625,0.734375
1150,0.484375,0.734375
1151,0.515625,0.765625
1152,0.484375,0.765625
1153,0.109375,0.109375
1154,0.140625,0.140625
1155,0.140625,0.109375
1156,0.109375,0.140625
1157,0.890625,0.109375
1158,0.859375,0.140625
1159,0.859375,0.109375
1160,0.890625,0.140625
1161,0.890625,0.890625
1162,0.859375,0.859375
1163,0.890625,0.859375
1164,0.859375,0.890625
1165,0.109375,0.890625
1166,0.140625,0.859375
1167,0.109375,0.859375
1168,0.140625,0.890625
1169,0.390625,0.390625
1170,0.359375,0.359375
1171,0.390625,0.359375
1172,0.359375,0.390625
1173,0.609375,0.390625
1174,0.640625,0.359375
1175,0.609375,0.359375
1176,0.640625,0.390625
1177,0.609375,0.609375
1178,0.640625,0.640625
1179,0.640625,0.609375
1180,0.609375,0.640625
1181,0.390625,0.609375
1182,0.359375,0.640625
1183,0.359375,0.609375
1184,0.390625,0.640625
1185,0.390625,0.109375
1186,0.359375,0.140625
1187,0.359375,0.109375
1188,0.390625,0.140625
1189,0.609375,0.109375
1190,0.640625,0.140625
1191,0.640625,0.109375
1192,0.609375,0.140625
1193,0.109375,0.390625
1194,0.140625,0.359375
1195,0.109375,0.359375
1196,0.140625,0.390625
1197,0.109375,0.609375
1198,0.140625,0.640625
1199,0.109375,0.640625
1200,0.140625,0.609375
1201,0.890625,0.390625
1202,0.859375,0.359375
1203,0.890625,0.359375
1204,0.859375,0.390625
1205,0.890625,0.609375
1206,0.859375,0.640625
1207,0.890625,0.640625
1208,0.859375,0.609375
1209,0.609375,0.890625
1210,0.640625,0.859375
1211,0.640625,0.890625
1212,0.609375,0.859375
1213,0.390625,0.890625
1214,0.359375,0.859375
1215,0.359375,0.890625
1216,0.390625,0.859375
1217,0.109375,0.015625
1218,0.140625,0.015625
1219,0.015625,0.109375
1220,0.015625,0.140625
1221,0.890625,0.015625
1222,0.859375,0.015625
1223,0.984375,0.109375
1224,0.984375,0.140625
1225,0.984375,0.890625
1226,0.984375,0.859375
1227,0.890625,0.984375
1228,0.859375,0.984375
1229,0.015625,0.890625
1230,0.015625,0.859375
1231,0.109375,0.984375
1232,0.140625,0.984375
1233,0.484375,0.390625
1234,0.515625,0.390625
1235,0.484375,0.359375
1236,0.515625,0.359375
1237,0.390625,0.484375
1238,0.390625,0.515625
1239,0.359375,0.484375
1240,0.359375,0.515625
1241,0.609375,0.484375
1242,0.609375,0.515625
1243,0.640625,0.484375
1244,0.640625,0.515625
1245,0.515625,0.609375
1246,0.484375,0.609375
1247,0.515625,0.640625
1248,0.484375,0.640625
1249,0.390625,0.015625
1250,0.359375,0.015625
1251,0.609375,0.015625
1252,0.640625,0.015625
1253,0.484375,0.109375
1254,0.515625,0.109375
1255,0.484375,0.140625
1256,0.515625,0.140625
1257,0.015625,0.390625
1258,0.015625,0.359375
1259,0.015625,0.609375
1260,0.015625,0.640625
1261,0.109375,0.484375
1262,0.109375,0.515625
1263,0.140625,0.484375
1264,0.140625,0.515625
1265,0.984375,0.390625
1266,0.984375,0.359375
1267,0.984375,0.609375
1268,0.984375,0.640625
1269,0.890625,0.484375
1270,0.890625,0.515625
1271,0.859375,0.484375
1272,0.859375,0.515625
1273,0.609375,0.984375
1274,0.640625,0.984375
1275,0.390625,0.984375
1276,0.359375,0.984375
1277,0.515625,0.890625
1278,0.484375,0.890625
1279,0.515625,0.859375
1280,0.484375,0.859375
1281,0.234375,0.140625
1282,0.265625,0.140625
1283,0.234375,0.109375
1284,0.265625,0.109375
1285,0.140625,0.234375
1286,0.140625,0.265625
1287,0.109375,0.234375
1288,0.109375,0.265625
1289,0.359375,0.265625
1290,0.359375,0.234375
1291,0.390625,0.265625
1292,0.390625,0.234375
1293,0.265625,0.359375
1294,0.234375,0.359375
1295,0.265625,0.390625
1296,0.234375,0.390625
1297,0.765625,0.140625
1298,0.734375,0.140625
1299,0.765625,0.109375
1300,0.734375,0.109375
1301,0.859375,0.234375
1302,0.859375,0.265625
1303,0.890625,0.234375
1304,0.890625,0.265625
1305,0.640625,0.265625
1306,0.640625,0.234375
1307,0.609375,0.265625
1308,0.609375,0.234375
1309,0.734375,0.359375
1310,0.765625,0.359375
1311,0.734375,0.390625
1312,0.765625,0.390625
1313,0.859375,0.765625
1314,0.859375,0.734375
1315,0.890625,0.765625
1316,0.890625,0.734375
1317,0.765625,0.859375
1318,0.734375,0.859375
1319,0.765625,0.890625
1320,0.734375,0.890625
1321,0.734375,0.640625
1322,0.765625,0.640625
1323,0.734375,0.609375
1324,0.765625,0.609375
1325,0.640625,0.734375
1326,0.640625,0.765625
1327,0.609375,0.734375
1328,0.609375,0.765625
1329,0.140625,0.765625
1330,0.140625,0.734375
1331,0.109375,0.765625
1332,0.109375,0.734375
1333,0.234375,0.859375
1334,0.265625,0.859375
1335,0.234375,0.890625
1336,0.265625,0.890625
1337,0.265625,0.640625
1338,0.234375,0.640625
1339,0.265625,0.609375
1340,0.234375,0.609375
1341,0.359375,0.734375
1342,0.359375,0.765625
1343,0.390625,0.734375
1344,0.390625,0.765625
1345,0.046875,0.046875
1346,0.078125,0.078125
1347,0.078125,0.046875
1348,0.046875,0.078125
1349,0.953125,0.046875
1350,0.921875,0.078125
1351,0.921875,0.046875
1352,0.953125,0.078125
1353,0.953125,0.953125
1354,0.921875,0.921875
1355,0.953125,0.921875
1356,0.921875,0.953125
1357,0.046875,0.953125
1358,0.078125,0.921875
1359,0.046875,0.921875
1360,0.078125,0.953125
1361,0.453125,0.453125
1362,0.421875,0.421875
1363,0.453125,0.421875
1364,0.421875,0.453125
1365,0.546875,0.453125
1366,0.578125,0.421875
1367,0.546875,0.421875
1368,0.578125,0.453125
1369,0.546875,0.546875
1370,0.578125,0.578125
1371,0.578125,0.546875
1372,0.546875,0.578125
1373,0.453125,0.546875
1374,0.421875,0.578125
1375,0.421875,0.546875
1376,0.453125,0.578125
1377,0.453125,0.046875
1378,0.421875,0.078125
1379,0.421875,0.046875
1380,0.453125,0.078125
1381,0.546875,0.046875
1382,0.578125,0.078125
1383,0.578125,0.046875
1384,0.546875,0.078125
1385,0.046875,0.453125
1386,0.078125,0.421875
1387,0.046875,0.421875
1388,0.078125,0.453125
1389,0.046875,0.546875
1390,0.078125,0.578125
1391,0.046875,0.578125
1392,0.078125,0.546875
1393,0.953125,0.453125
1394,0.921875,0.421875
1395,0.953125,0.421875
1396,0.921875,0.453125
1397,0.953125,0.546875
1398,0.921875,0.578125
1399,0.953125,0.578125
1400,0.921875,0.546875
1401,0.546875,0.953125
1402,0.578125,0.921875
1403,0.578125,0.953125
1404,0.546875,0.921875
1405,0.453125,0.953125
1406,0.421875,0.921875
1407,0.421875,0.953125
1408,0.453125,0.921875
1409,0.203125,0.203125
1410,0.171875,0.171875
1411,0.203125,0.171875
1412,0.171875,0.203125
1413,0.296875,0.296875
1414,0.328125,0.328125
1415,0.328125,0.296875
1416,0.296875,0.328125
1417,0.296875,0.203125
1418,0.328125,0.171875
1419,0.296875,0.171875
1420,0.328125,0.203125
1421,0.203125,0.296875
1422,0.171875,0.328125
1423,0.171875,0.296875
1424,0.203125,0.328125
1425,0.796875,0.203125
1426,0.828125,0.171875
1427,0.796875,0.171875
1428,0.828125,0.203125
1429,0.703125,0.296875
1430,0.671875,0.328125
1431,0.671875,0.296875
1432,0.703125,0.328125
1433,0.703125,0.203125
1434,0.671875,0.171875
1435,0.703125,0.171875
1436,0.671875,0.203125
1437,0.796875,0.296875
1438,0.828125,0.328125
1439,0.828125,0.296875
1440,0.796875,0.328125
1441,0.796875,0.796875
1442,0.828125,0.828125
1443,0.828125,0.796875
1444,0.796875,0.828125
1445,0.703125,0.703125
1446,0.671875,0.671875
1447,0.703125,0.671875
1448,0.671875,0.703125
1449,0.796875,0.703125
1450,0.828125,0.671875
1451,0.828125,0.703125
1452,0.796875,0.671875
1453,0.703125,0.796875
1454,0.671875,0.828125
1455,0.703125,0.828125
1456,0.671875,0.796875
1457,0.203125,0.796875
1458,0.171875,0.828125
1459,0.171875,0.796875
1460,0.203125,0.828125
1461,0.296875,0.703125
1462,0.328125,0.671875
1463,0.296875,0.671875
1464,0.328125,0.703125
1465,0.203125,0.703125
1466,0.171875,0.671875
1467,0.171875,0.703125
1468,0.203125,0.671875
1469,0.296875,0.796875
1470,0.328125,0.828125
1471,0.296875,0.828125
1472,0.328125,0.796875
1473,0.203125,0.046875
1474,0.171875,0.078125
1475,0.171875,0.046875
1476,0.203125,0.078125
1477,0.296875,0.046875
1478,0.328125,0.078125
1479,0.328125,0.046875
1480,0.296875,0.078125
1481,0.046875,0.203125
1482,0.078125,0.171875
1483,0.046875,0.171875
1484,0.078125,0.203125
1485,0.046875,0.296875
1486,0.078125,0.328125
1487,0.046875,0.328125
1488,0.078125,0.296875
1489,0.796875,0.046875
1490,0.828125,0.078125
1491,0.828125,0.046875
1492,0.796875,0.078125
1493,0.703125,0.046875
1494,0.671875,0.078125
1495,0.671875,0.046875
1496,0.703125,0.078125
1497,0.953125,0.203125
1498,0.921875,0.171875
1499,0.953125,0.171875
1500,0.921875,0.203125
1501,0.953125,0.296875
1502,0.921875,0.328125
1503,0.953125,0.328125
1504,0.921875,0.296875
1505,0.953125,0.796875
1506,0.921875,0.828125
1507,0.953125,0.828125
1508,0.921875,0.796875
1509,0.953125,0.703125
1510,0.921875,0.671875
1511,0.953125,0.671875
1512,0.921875,0.703125
1513,0.796875,0.953125
1514,0.828125,0.921875
1515,0.828125,0.953125
1516,0.796875,0.921875
1517,0.703125,0.953125
1518,0.671875,0.921875
1519,0.671875,0.953125
1520,0.703125,0.921875
1521,0.046875,0.796875
1522,0.078125,0.828125
1523,0.046875,0.828125
1524,0.078125,0.796875
1525,0.046875,0.703125
1526,0.078125,0.671875
1527,0.046875,0.671875
1528,0.078125,0.703125
1529,0.203125,0.953125
1530,0.171875,0.921875
1531,0.171875,0.953125
1532,0.203125,0.921875
1533,0.296875,0.953125
1534,0.328125,0.921875
1535,0.328125,0.953125
1536,0.296875,0.921875
1537,0.453125,0.296875
1538,0.421875,0.328125
1539,0.453125,0.328125
1540,0.421875,0.296875
1541,0.546875,0.296875
1542,0.578125,0.328125
1543,0.546875,0.328125
1544,0.578125,0.296875
1545,0.453125,0.203125
1546,0.421875,0.171875
1547,0.453125,0.171875
1548,0.421875,0.203125
1549,0.546875,0.203125
1550,0.578125,0.171875
1551,0.546875,0.171875
1552,0.578125,0.203125
1553,0.296875,0.453125
1554,0.328125,0.421875
1555,0.328125,0.453125
1556,0.296875,0.421875
1557,0.296875,0.546875
1558,0.328125,0.578125
1559,0.328125,0.546875
1560,0.296875,0.578125
1561,0.203125,0.453125
1562,0.171875,0.421875
1563,0.171875,0.453125
1564,0.203125,0.421875
1565,0.203125,0.546875
1566,0.171875,0.578125
1567,0.171875,0.546875
1568,0.203125,0.578125
1569,0.703125,0.453125
1570,0.671875,0.421875
1571,0.671875,0.453125
1572,0.703125,0.421875
1573,0.703125,0.546875
1574,0.671875,0.578125
1575,0.671875,0.546875
1576,0.703125,0.578125
1577,0.796875,0.453125
1578,0.828125,0.421875
1579,0.828125,0.453125
1580,0.796875,0.421875
1581,0.796875,0.546875
1582,0.828125,0.578125
1583,0.828125,0.546875
1584,0.796875,0.578125
1585,0.546875,0.703125
1586,0.578125,0.671875
1587,0.546875,0.671875
1588,0.578125,0.703125
1589,0.453125,0.703125
1590,0.421875,0.671875
1591,0.453125,0.671875
1592,0.421875,0.703125
1593,0.546875,0.796875
1594,0.578125,0.828125
1595,0.546875,0.828125
1596,0.578125,0.796875
1597,0.453125,0.796875
1598,0.421875,0.828125
1599,0.453125,0.828125
1600,0.421875,0.796875
1601,0.046875,0.015625
1602,0.078125,0.015625
1603,0.015625,0.046875
1604,0.015625,0.078125
1605,0.953125,0.015625
1606,0.921875,0.015625
1607,0.984375,0.046875
1608,0.984375,0.078125
1609,0.984375,0.953125
1610,0.984375,0.921875
1611,0.953125,0.984375
1612,0.921875,0.984375
1613,0.015625,0.953125
1614,0.015625,0.921875
1615,0.046875,0.984375
1616,0.078125,0.984375
1617,0.484375,0.453125
1618,0.515625,0.453125
1619,0.484375,0.421875
1620,0.515625,0.421875
1621,0.453125,0.484375
1622,0.453125,0.515625
1623,0.421875,0.484375
1624,0.421875,0.515625
1625,0.546875,0.484375
1626,0.546875,0.515625
1627,0.578125,0.484375
1628,0.578125,0.515625
1629,0.515625,0.546875
1630,0.484375,0.546875
1631,0.515625,0.578125
1632,0.484375,0.578125
1633,0.453125,0.015625
1634,0.421875,0.015625
1635,0.546875,0.015625
1636,0.578125,0.015625
1637,0.484375,0.046875
1638,0.515625,0.046875
1639,0.484375,0.078125
1640,0.515625,0.078125
1641,0.015625,0.453125
1642,0.015625,0.421875
1643,0.015625,0.546875
1644,0.015625,0.578125
1645,0.046875,0.484375
1646,0.046875,0.515625
1647,0.078125,0.484375
1648,0.078125,0.515625
1649,0.984375,0.453125
1650,0.984375,0.421875
1651,0.984375,0.546875
1652,0.984375,0.578125
1653,0.953125,0.484375
1654,0.953125,0.515625
1655,0.921875,0.484375
1656,0.921875,0.515625
1657,0.546875,0.984375
1658,0.578125,0.984375
1659,0.453125,0.984375
1660,0.421875,0.984375
1661,0.515625,0.953125
1662,0.484375,0.953125
1663,0.515625,0.921875
1664,0.484375,0.921875
1665,0.234375,0.203125
1666,0.265625,0.203125
1667,0.234375,0.171875
1668,0.265625,0.171875
1669,0.203125,0.234375
1670,0.203125,0.265625
1671,0.171875,0.234375
1672,0.171875,0.265625
1673,0.296875,0.265625
1674,0.296875,0.234375
1675,0.328125,0.265625
1676,0.328125,0.234375
1677,0.265625,0.296875
1678,0.234375,0.296875
1679,0.265625,0.328125
1680,0.234375,0.328125
1681,0.765625,0.203125
1682,0.734375,0.203125
1683,0.765625,0.171875
1684,0.734375,0.171875
1685,0.796875,0.234375
1686,0.796875,0.265625
1687,0.828125,0.234375
1688,0.828125,0.265625
1689,0.703125,0.265625
1690,0.703125,0.234375
1691,0.671875,0.265625
1692,0.671875,0.234375
1693,0.734375,0.296875
1694,0.765625,0.296875
1695,0.734375,0.328125
1696,0.765625,0.328125
1697,0.796875,0.765625
1698,0.796875,0.734375
1699,0.828125,0.765625
1700,0.828125,0.734375
1701,0.765625,0.796875
1702,0.734375,0.796875
1703,0.765625,0.828125
1704,0.734375,0.828125
1705,0.734375,0.703125
1706,0.765625,0.703125
1707,0.734375,0.671875
1708,0.765625,0.671875
1709,0.703125,0.734375
1710,0.703125,0.765625
1711,0.671875,0.734375
1712,0.671875,0.765625
1713,0.203125,0.765625
1714,0.203125,0.734375
1715,0.171875,0.765625
1716,0.171875,0.734375
1717,0.234375,0.796875
1718,0.265625,0.796875
1719,0.234375,0.828125
1720,0.265625,0.828125
1721,0.265625,0.703125
1722,0.234375,0.703125
1723,0.265625,0.671875
1724,0.234375,0.671875
1725,0.296875,0.734375
1726,0.296875,0.765625
1727,0.328125,0.734375
1728,0.328125,0.765625
1729,0.203125,0.015625
1730,0.171875,0.015625
1731,0.296875,0.015625
1732,0.328125,0.015625
1733,0.234375,0.046875
1734,0.265625,0.046875
1735,0.234375,0.078125
1736,0.265625,0.078125
1737,0.015625,0.203125
1738,0.015625,0.171875
1739,0.015625,0.296875
1740,0.015625,0.328125
1741,0.046875,0.234375
1742,0.046875,0.265625
1743,0.078125,0.234375
1744,0.078125,0.265625
1745,0.796875,0.015625
1746,0.828125,0.015625
1747,0.703125,0.015625
1748,0.671875,0.015625
1749,0.765625,0.046875
1750,0.734375,0.046875
1751,0.765625,0.078125
1752,0.734375,0.078125
1753,0.984375,0.203125
1754,0.984375,0.171875
1755,0.984375,0.296875
1756,0.984375,0.328125
1757,0.953125,0.234375
1758,0.953125,0.265625
1759,0.921875,0.234375
1760,0.921875,0.265625
1761,0.984375,0.796875
1762,0.984375,0.828125
1763,0.984375,0.703125
1764,0.984375,0.671875
1765,0.953125,0.765625
1766,0.953125,0.734375
1767,0.921875,0.765625
1768,0.921875,0.734375
1769,0.796875,0.984375
1770,0.828125,0.984375
1771,0.703125,0.984375
1772,0.671875,0.984375
1773,0.765625,0.953125
1774,0.734375,0.953125
1775,0.765625,0.921875
1776,0.734375,0.921875
1777,0.015625,0.796875
1778,0.015625,0.828125
1779,0.015625,0.703125
1780,0.015625,0.671875
1781,0.046875,0.765625
1782,0.046875,0.734375
1783,0.078125,0.765625
1784,0.078125,0.734375
1785,0.203125,0.984375
1786,0.171875,0.984375
1787,0.296875,0.984375
1788,0.328125,0.984375
1789,0.234375,0.953125
1790,0.265625,0.953125
1791,0.234375,0.921875
1792,0.265625,0.921875
1793,0.484375,0.296875
1794,0.515625,0.296875
1795,0.484375,0.328125
1796,0.515625,0.328125
1797,0.484375,0.203125
1798,0.515625,0.203125
1799,0.484375,0.171875
1800,0.515625,0.171875
1801,0.453125,0.265625
1802,0.453125,0.234375
1803,0.421875,0.265625
1804,0.421875,0.234375
1805,0.546875,0.265625
1806,0.546875,0.234375
1807,0.578125,0.265625
1808,0.578125,0.234375
1809,0.296875,0.484375
1810,0.296875,0.515625
1811,0.328125,0.484375
1812,0.328125,0.515625
1813,0.203125,0.484375
1814,0.203125,0.515625
1815,0.171875,0.484375
1816,0.171875,0.515625
1817,0.265625,0.453125
1818,0.234375,0.453125
1819,0.265625,0.421875
1820,0.234375,0.421875
1821,0.265625,0.546875
1822,0.234375,0.546875
1823,0.265625,0.578125
1824,0.234375,0.578125
1825,0.703125,0.484375
1826,0.703125,0.515625
1827,0.671875,0.484375
1828,0.671875,0.515625
1829,0.796875,0.484375
1830,0.796875,0.515625
1831,0.828125,0.484375
1832,0.828125,0.515625
1833,0.734375,0.453125
1834,0.765625,0.453125
1835,0.734375,0.421875
1836,0.765625,0.421875
1837,0.734375,0.546875
1838,0.765625,0.546875
1839,0.734375,0.578125
1840,0.765625,0.578125
1841,0.515625,0.703125
1842,0.484375,0.703125
1843,0.515625,0.671875
1844,0.484375,0.671875
1845,0.515625,0.796875
1846,0.484375,0.796875
1847,0.515625,0.828125
1848,0.484375,0.828125
1849,0.546875,0.734375
1850,0.546875,0.765625
1851,0.578125,0.734375
1852,0.578125,0.765625
1853,0.453125,0.734375
1854,0.453125,0.765625
1855,0.421875,0.734375
1856,0.421875,0.765625
1857,0.109375,0.078125
1858,0.140625,0.078125
1859,0.109375,0.046875
1860,0.140625,0.046875
1861,0.078125,0.109375
1862,0.078125,0.140625
1863,0.046875,0.109375
1864,0.046875,0.140625
1865,0.171875,0.140625
1866,0.171875,0.109375
1867,0.203125,0.140625
1868,0.203125,0.109375
1869,0.140625,0.171875
1870,0.109375,0.171875
1871,0.140625,0.203125
1872,0.109375,0.203125
1873,0.890625,0.078125
1874,0.859375,0.078125
1875,0.890625,0.046875
1876,0.859375,0.046875
1877,0.921875,0.109375
1878,0.921875,0.140625
1879,0.953125,0.109375
1880,0.953125,0.140625
1881,0.828125,0.140625
1882,0.828125,0.109375
1883,0.796875,0.140625
1884,0.796875,0.109375
1885,0.859375,0.171875
1886,0.890625,0.171875
1887,0.859375,0.203125
1888,0.890625,0.203125
1889,0.921875,0.890625
1890,0.921875,0.859375
1891,0.953125,0.890625
1892,0.953125,0.859375
1893,0.890625,0.921875
1894,0.859375,0.921875
1895,0.890625,0.953125
1896,0.859375,0.953125
1897,0.859375,0.828125
1898,0.890625,0.828125
1899,0.859375,0.796875
1900,0.890625,0.796875
1901,0.828125,0.859375
1902,0.828125,0.890625
1903,0.796875,0.859375
1904,0.796875,0.890625
1905,0.078125,0.890625
1906,0.078125,0.859375
1907,0.046875,0.890625
1908,0.046875,0.859375
1909,0.109375,0.921875
1910,0.140625,0.921875
1911,0.109375,0.953125
1912,0.140625,0.953125
1913,0.140625,0.828125
1914,0.109375,0.828125
1915,0.140625,0.796875
1916,0.109375,0.796875
1917,0.171875,0.859375
1918,0.171875,0.890625
1919,0.203125,0.859375
1920,0.203125,0.890625
1921,0.421875,0.390625
1922,0.421875,0.359375
1923,0.453125,0.390625
1924,0.453125,0.359375
1925,0.390625,0.421875
1926,0.359375,0.421875
1927,0.390625,0.453125
1928,0.359375,0.453125
1929,0.359375,0.328125
1930,0.390625,0.328125
1931,0.359375,0.296875
1932,0.390625,0.296875
1933,0.328125,0.359375
1934,0.328125,0.390625
1935,0.296875,0.359375
1936,0.296875,0.390625
1937,0.578125,0.390625
1938,0.578125,0.359375
1939,0.546875,0.390625
1940,0.546875,0.359375
1941,0.609375,0.421875
1942,0.640625,0.421875
1943,0.609375,0.453125
1944,0.640625,0.453125
1945,0.640625,0.328125
1946,0.609375,0.328125
1947,0.640625,0.296875
1948,0.609375,0.296875
1949,0.671875,0.359375
1950,0.671875,0.390625
1951,0.703125,0.359375
1952,0.703125,0.390625
1953,0.609375,0.578125
1954,0.640625,0.578125
1955,0.609375,0.546875
1956,0.640625,0.546875
1957,0.578125,0.609375
1958,0.578125,0.640625
1959,0.546875,0.609375
1960,0.546875,0.640625
1961,0.671875,0.640625
1962,0.671875,0.609375
1963,0.703125,0.640625
1964,0.703125,0.609375
1965,0.640625,0.671875
1966,0.609375,0.671875
1967,0.640625,0.703125
1968,0.609375,0.703125
1969,0.390625,0.578125
1970,0.359375,0.578125
1971,0.390625,0.546875
1972,0.359375,0.546875
1973,0.421875,0.609375
1974,0.421875,0.640625
1975,0.453125,0.609375
1976,0.453125,0.640625
1977,0.328125,0.640625
1978,0.328125,0.609375
1979,0.296875,0.640625
1980,0.296875,0.609375
1981,0.359375,0.671875
1982,0.390625,0.671875
1983,0.359375,0.703125
1984,0.390625,0.703125
1985,0.390625,0.078125
1986,0.359375,0.078125
1987,0.390625,0.046875
1988,0.359375,0.046875
1989,0.421875,0.109375
1990,0.421875,0.140625
1991,0.453125,0.109375
1992,0.453125,0.140625
1993,0.328125,0.140625
1994,0.328125,0.109375
1995,0.296875,0.140625
1996,0.296875,0.109375
1997,0.359375,0.171875
1998,0.390625,0.171875
1999,0.359375,0.203125
2000,0.390625,0.203125
2001,0.609375,0.078125
2002,0.640625,0.078125
2003,0.609375,0.046875
2004,0.640625,0.046875
2005,0.578125,0.109375
2006,0.578125,0.140625
2007,0.546875,0.109375
2008,0.546875,0.140625
2009,0.671875,0.140625
2010,0.671875,0.109375
2011,0.703125,0.140625
2012,0.703125,0.109375
2013,0.640625,0.171875
2014,0.609375,0.171875
2015,0.640625,0.203125
2016,0.609375,0.203125
2017,0.078125,0.390625
2018,0.078125,0.359375
2019,0.046875,0.390625
2020,0.046875,0.359375
2021,0.109375,0.421875
2022,0.140625,0.421875
2023,0.109375,0.453125
2024,0.140625,0.453125
2025,0.140625,0.328125
2026,0.109375,0.328125
2027,0.140625,0.296875
2028,0.109375,0.296875
2029,0.171875,0.359375
2030,0.171875,0.390625
2031,0.203125,0.359375
2032,0.203125,0.390625
2033,0.078125,0.609375
2034,0.078125,0.640625
2035,0.046875,0.609375
2036,0.046875,0.640625
2037,0.109375,0.578125
2038,0.140625,0.578125
2039,0.109375,0.546875
2040,0.140625,0.546875
2041,0.140625,0.671875
2042,0.109375,0.671875
2043,0.140625,0.703125
2044,0.109375,0.703125
2045,0.171875,0.640625
2046,0.171875,0.609375
2047,0.203125,0.640625
2048,0.203125,0.609375
2049,0.921875,0.390625
2050,0.921875,0.359375
2051,0.953125,0.390625
2052,0.953125,0.359375
2053,0.890625,0.421875
2054,0.859375,0.421875
2055,0.890625,0.453125
2056,0.859375,0.453125
2057,0.859375,0.328125
2058,0.890625,0.328125
2059,0.859375,0.296875
2060,0.890625,0.296875
2061,0.828125,0.359375
2062,0.828125,0.390625
2063,0.796875,0.359375
2064,0.796875,0.390625
2065,0.921875,0.609375
2066,0.921875,0.640625
2067,0.953125,0.609375
2068,0.953125,0.640625
2069,0.890625,0.578125
2070,0.859375,0.578125
2071,0.890625,0.546875
2072,0.859375,0.546875
2073,0.859375,0.671875
2074,0.890625,0.671875
2075,0.859375,0.703125
2076,0.890625,0.703125
2077,0.828125,0.640625
2078,0.828125,0.609375
2079,0.796875,0.640625
2080,0.796875,0.609375
2081,0.609375,0.921875
2082,0.640625,0.921875
2083,0.609375,0.953125
2084,0.640625,0.953125
2085,0.578125,0.890625
2086,0.578125,0.859375
2087,0.546875,0.890625
2088,0.546875,0.859375
2089,0.671875,0.859375
2090,0.671875,0.890625
2091,0.703125,0.859375
2092,0.703125,0.890625
2093,0.640625,0.828125
2094,0.609375,0.828125
2095,0.640625,0.796875
2096,0.609375,0.796875
2097,0.390625,0.921875
2098,0.359375,0.921875
2099,0.390625,0.953125
2100,0.359375,0.953125
2101,0.421875,0.890625
2102,0.421875,0.859375
2103,0.453125,0.890625
2104,0.453125,0.859375
2105,0.328125,0.859375
2106,0.328125,0.890625
2107,0.296875,0.859375
2108,0.296875,0.890625
2109,0.359375,0.828125
2110,0.390625,0.828125
2111,0.359375,0.796875
2112,0.390625,0.796875
