schema_version,case,method,kappa,run_id,reference_epoch,iteration,action,stop_reason,N_H,DoF_H,N_ref,N_amb,ell,kappa_H_max,mu_H,rho_amb,eta_H,Theta_loc,U_prac,reference_energy_error,reference_L2_error,exact_energy_error,exact_L2_error,relative_exact_energy_error,relative_exact_L2_error,reference_error_ratio,reference_log_improvement,reference_dof_log_slope,marked_H,rebuilt_correctors,ambient_refined_elements,time_mesh,time_corrector,time_certificate,time_solve,time_estimator,time_total_cumulative,peak_memory_mb
4,S,AFEM,16,S_AFEM_k16_r0_46c51777d7df2473,0,0,InitializeReferenceEpoch,initialized fixed evaluation-reference epoch for conforming P1 AFEM,113,104,788481,,,4,,,0,,,,,,,,,,,,0,0,0,0,0,0,0,0,6.5300000000000002e-06,3494.94921875
4,S,AFEM,16,S_AFEM_k16_r0_46c51777d7df2473,0,1,SolveAdaptiveFem,solved conforming P1 FEM and formed body/jump/impedance residual marking; algebraic residual difference=3.6257611708634167e-15,113,104,788481,,,4,,,35.816106712891873,,,1.0880522612235888,1.1020647749529684,4.6269492256711384,0.17497524708125434,1.0879989801031675,1.1020387606283906,,,,6,0,0,0,0,0,0.013088811000000001,0.003644165,0.017212512999999999,3494.94921875
4,S,AFEM,16,S_AFEM_k16_r0_46c51777d7df2473,0,2,RefineAdaptiveFem,locally refined the conforming P1 mesh by residual Doerfler marking,118,109,788481,,,4,,,0,,,,,,,,,,,,6,0,0,14.249687133,0,0,0,0,14.266909085999998,3494.94921875
4,S,AFEM,16,S_AFEM_k16_r0_46c51777d7df2473,0,3,SolveAdaptiveFem,solved conforming P1 FEM and formed body/jump/impedance residual marking; algebraic residual difference=3.9084723750784662e-15,118,109,788481,,,4,,,30.189013535514295,,,1.2191209874909446,1.2961815384821678,5.1837838446699935,0.20577437834840626,1.2189352553913437,1.2960195494328859,1.1204617930024428,-0.11374091550920933,-2.6270047762236244,8,0,0,0,0,0,0.013612730999999999,0.004229933,14.285217707000001,3494.94921875
4,S,AFEM,16,S_AFEM_k16_r0_46c51777d7df2473,0,4,RefineAdaptiveFem,locally refined the conforming P1 mesh by residual Doerfler marking,126,117,788481,,,4,,,0,,,,,,,,,,,,8,0,0,14.089089308,0,0,0,0,28.374313774999997,3494.94921875
4,S,AFEM,16,S_AFEM_k16_r0_46c51777d7df2473,0,5,SolveAdaptiveFem,solved conforming P1 FEM and formed body/jump/impedance residual marking; algebraic residual difference=3.7951817717721933e-15,126,117,788481,,,4,,,25.363607986015303,,,1.1909297787935462,1.2679060554777888,5.0639499287046403,0.20128552404260161,1.19075703860247,1.267747599438078,0.9768757908471265,0.023395768238328046,0.35665758323735208,13,0,0,0,0,0,0.014016450999999999,0.0046097009999999999,28.393414294000003,3494.94921875
4,S,AFEM,16,S_AFEM_k16_r0_46c51777d7df2473,0,6,RefineAdaptiveFem,locally refined the conforming P1 mesh by residual Doerfler marking,143,134,788481,,,4,,,0,,,,,,,,,,,,13,0,0,13.918346122999999,0,0,0,0,42.311768056999995,3494.94921875
4,S,AFEM,16,S_AFEM_k16_r0_46c51777d7df2473,0,7,SolveAdaptiveFem,solved conforming P1 FEM and formed body/jump/impedance residual marking; algebraic residual difference=3.8315889283608604e-15,143,134,788481,,,4,,,21.271439537709181,,,1.2432282548541493,1.3539601429576327,5.2861377050285174,0.21494031614181133,1.2430031433771997,1.3537489648464289,1.0439139880384747,-0.042977099130129988,-0.33957154213090213,22,0,0,0,0,0,0.014539121,0.0045498329999999997,42.331327078000001,3494.94921875
4,S,AFEM,16,S_AFEM_k16_r0_46c51777d7df2473,0,8,RefineAdaptiveFem,locally refined the conforming P1 mesh by residual Doerfler marking,171,162,788481,,,4,,,0,,,,,,,,,,,,22,0,0,14.012904119,0,0,0,0,56.344238256000011,3494.94921875
4,S,AFEM,16,S_AFEM_k16_r0_46c51777d7df2473,0,9,SolveAdaptiveFem,solved conforming P1 FEM and formed body/jump/impedance residual marking; algebraic residual difference=3.8106495810340607e-15,171,162,788481,,,4,,,18.938111358715531,,,1.3556367346246772,1.5112389601491696,5.76394051260786,0.23990701720480923,1.3553555686972227,1.5109956197613881,1.0904166063887561,-0.086559830914403391,-0.48406414652605378,49,0,0,0,0,0,0.014714424,0.004841181,56.364264608000013,3494.94921875
4,S,AFEM,16,S_AFEM_k16_r0_46c51777d7df2473,0,10,RefineAdaptiveFem,locally refined the conforming P1 mesh by residual Doerfler marking,214,202,788481,,,4,,,0,,,,,,,,,,,,49,0,0,13.771654077999999,0,0,0,0,70.135927316000007,3494.94921875
4,S,AFEM,16,S_AFEM_k16_r0_46c51777d7df2473,0,11,SolveAdaptiveFem,solved conforming P1 FEM and formed body/jump/impedance residual marking; algebraic residual difference=2.9371040899879904e-15,214,202,788481,,,4,,,13.856827998188214,,,0.86293695259222358,0.88445659044675184,3.6704927718162419,0.14044853191429846,0.86309405991652388,0.88458069712588772,0.63655471303758759,0.45168490546829315,2.0136416338624721,58,0,0,0,0,0,0.015203183,0.005887766,70.157482602999991,3494.94921875
4,S,AFEM,16,S_AFEM_k16_r0_46c51777d7df2473,0,12,RefineAdaptiveFem,locally refined the conforming P1 mesh by residual Doerfler marking,267,254,788481,,,4,,,0,,,,,,,,,,,,58,0,0,14.056952569,0,0,0,0,84.214446610999985,3494.94921875
4,S,AFEM,16,S_AFEM_k16_r0_46c51777d7df2473,0,13,SolveAdaptiveFem,solved conforming P1 FEM and formed body/jump/impedance residual marking; algebraic residual difference=2.5463500793981106e-15,267,254,788481,,,4,,,10.664415517193742,,,0.63850730339369188,0.60672815146243797,2.7171176279862812,0.096383652631543734,0.63891369104890317,0.60704884183748808,0.73992346888801641,0.30120851855378161,1.3612551192724047,89,0,0,0,0,0,0.017164225000000002,0.0071253999999999996,84.239187623999996,3494.94921875
4,S,AFEM,16,S_AFEM_k16_r0_46c51777d7df2473,0,14,RefineAdaptiveFem,locally refined the conforming P1 mesh by residual Doerfler marking,339,326,788481,,,4,,,0,,,,,,,,,,,,89,0,0,14.188364366,0,0,0,0,98.427565700000002,3494.94921875
4,S,AFEM,16,S_AFEM_k16_r0_46c51777d7df2473,0,15,SolveAdaptiveFem,solved conforming P1 FEM and formed body/jump/impedance residual marking; algebraic residual difference=2.8549849123271247e-15,339,326,788481,,,4,,,8.4566051405705966,,,0.48445854919852233,0.42318940430580226,2.0627518542850405,0.067257115517880398,0.48504355768946444,0.42360247786560268,0.75873611252934103,0.2761012398674107,1.1564379652845891,127,0,0,0,0,0,0.018798558,0.0090263419999999997,98.455864547000004,3494.94921875
4,S,AFEM,16,S_AFEM_k16_r0_46c51777d7df2473,0,16,RefineAdaptiveFem,locally refined the conforming P1 mesh by residual Doerfler marking,459,446,788481,,,4,,,0,,,,,,,,,,,,127,0,0,13.573903735,0,0,0,0,112.02978698200002,3494.94921875
4,S,AFEM,16,S_AFEM_k16_r0_46c51777d7df2473,0,17,SolveAdaptiveFem,solved conforming P1 FEM and formed body/jump/impedance residual marking; algebraic residual difference=2.5981616852405147e-15,459,446,788481,,,4,,,6.8611390144082609,,,0.39496802948112036,0.33796811933207549,1.6827162577788926,0.053727892610099595,0.39568049766115543,0.33839197927072279,0.81527724123053846,0.20422705029808533,0.67390523379452871,194,0,0,0,0,0,0.023288828000000001,0.012634684,112.066193231,3494.94921875
4,S,AFEM,16,S_AFEM_k16_r0_46c51777d7df2473,0,18,RefineAdaptiveFem,locally refined the conforming P1 mesh by residual Doerfler marking,625,611,788481,,,4,,,0,,,,,,,,,,,,194,0,0,14.216779902000001,0,0,0,0,126.282993103,3494.94921875
4,S,AFEM,16,S_AFEM_k16_r0_46c51777d7df2473,0,19,SolveAdaptiveFem,solved conforming P1 FEM and formed body/jump/impedance residual marking; algebraic residual difference=2.8270459109486478e-15,625,611,788481,,,4,,,5.5966325494600717,,,0.30291349611720636,0.23642345978370932,1.2920488501990151,0.037611677438867307,0.30381743189673649,0.23688794318796388,0.76693168435721648,0.26535755021638635,0.85959284963172811,276,0,0,0,0,0,0.028513295000000001,0.017499300999999998,126.32950340599999,3494.94921875
4,S,AFEM,16,S_AFEM_k16_r0_46c51777d7df2473,0,20,RefineAdaptiveFem,locally refined the conforming P1 mesh by residual Doerfler marking,832,815,788481,,,4,,,0,,,,,,,,,,,,276,0,0,14.173620680000001,0,0,0,0,140.50314617500001,3494.94921875
4,S,AFEM,16,S_AFEM_k16_r0_46c51777d7df2473,0,21,SolveAdaptiveFem,solved conforming P1 FEM and formed body/jump/impedance residual marking; algebraic residual difference=3.1504487021565749e-15,832,815,788481,,,4,,,4.6049549711825382,,,0.23760641961020243,0.17038272587312792,1.015269009827491,0.027134524374307061,0.23873433516280682,0.17090015936834668,0.78440354311009419,0.24283166770164374,0.84882199458703833,388,0,0,0,0,0,0.035749432999999997,0.02400387,140.563403346,3494.94921875
4,S,AFEM,16,S_AFEM_k16_r0_46c51777d7df2473,0,22,RefineAdaptiveFem,locally refined the conforming P1 mesh by residual Doerfler marking,1131,1111,788481,,,4,,,0,,,,,,,,,,,,388,0,0,14.218464795999999,0,0,0,0,154.78189424200005,3494.94921875
4,S,AFEM,16,S_AFEM_k16_r0_46c51777d7df2473,0,23,SolveAdaptiveFem,solved conforming P1 FEM and formed body/jump/impedance residual marking; algebraic residual difference=3.524394519936817e-15,1131,1111,788481,,,4,,,3.8136163062968178,,,0.18175655669904306,0.10969123726190969,0.77891733787407658,0.017503415815028497,0.18315767644256903,0.11024097975755288,0.7649480051810803,0.26794741454902327,0.87272171238950358,554,0,0,0,0,0,0.045679657999999998,0.032998220000000002,154.86109684800002,3494.94921875
4,S,AFEM,16,S_AFEM_k16_r0_46c51777d7df2473,0,24,RefineAdaptiveFem,locally refined the conforming P1 mesh by residual Doerfler marking,1531,1508,788481,,,4,,,0,,,,,,,,,,,,554,0,0,14.260813534,0,0,0,0,169.12194474200004,3494.94921875
4,S,AFEM,16,S_AFEM_k16_r0_46c51777d7df2473,0,25,SolveAdaptiveFem,solved conforming P1 FEM and formed body/jump/impedance residual marking; algebraic residual difference=4.2526221189582024e-15,1531,1508,788481,,,4,,,3.210027326183027,,,0.15004024824719112,0.081692073823165026,0.64507717084084237,0.013058205498183002,0.15168597486843416,0.082243910743362195,0.82550115919961786,0.19176461138354858,0.63326496136324806,789,0,0,0,0,0,0.059861246999999999,0.045735504000000003,169.228104949,3494.94921875
4,S,AFEM,16,S_AFEM_k16_r0_46c51777d7df2473,0,26,RefineAdaptiveFem,locally refined the conforming P1 mesh by residual Doerfler marking,2080,2053,788481,,,4,,,0,,,,,,,,,,,,789,0,0,14.248647216,0,0,0,0,183.47679642399999,3494.94921875
4,S,AFEM,16,S_AFEM_k16_r0_46c51777d7df2473,0,27,SolveAdaptiveFem,solved conforming P1 FEM and formed body/jump/impedance residual marking; algebraic residual difference=4.8303320922043244e-15,2080,2053,788481,,,4,,,2.7037770425360064,,,0.12327812426962172,0.063257575776768799,0.53261958243907637,0.010133036331031325,0.12524225666051805,0.063820448811634067,0.82163369968917388,0.19646060406050986,0.64109208770158999,1128,0,0,0,0,0,0.079332742999999997,0.063243698000000001,183.61997725200001,3494.94921875
4,S,AFEM,16,S_AFEM_k16_r0_46c51777d7df2473,0,28,RefineAdaptiveFem,locally refined the conforming P1 mesh by residual Doerfler marking,2824,2795,788481,,,4,,,0,,,,,,,,,,,,1128,0,0,14.127431631,0,0,0,0,197.74747132199997,3494.94921875
4,S,AFEM,16,S_AFEM_k16_r0_46c51777d7df2473,0,29,SolveAdaptiveFem,solved conforming P1 FEM and formed body/jump/impedance residual marking; algebraic residual difference=6.1713692696656469e-15,2824,2795,788481,,,4,,,2.2608428322272807,,,0.098955576467270476,0.042214788981120563,0.430927123489798,0.0067930236105783852,0.10132989319494544,0.042784196311177636,0.80270183419439955,0.2197719488161968,0.71871061037646278,1626,0,0,0,0,0,0.107041416,0.086936097000000004,197.94212458199996,3494.94921875
4,S,AFEM,16,S_AFEM_k16_r0_46c51777d7df2473,0,30,RefineAdaptiveFem,locally refined the conforming P1 mesh by residual Doerfler marking,3895,3861,788481,,,4,,,0,,,,,,,,,,,,1626,0,0,14.266288830000001,0,0,0,0,212.20849779999992,3494.94921875
4,S,AFEM,16,S_AFEM_k16_r0_46c51777d7df2473,0,31,SolveAdaptiveFem,solved conforming P1 FEM and formed body/jump/impedance residual marking; algebraic residual difference=7.1896495381573776e-15,3895,3861,788481,,,4,,,1.8970765520230184,,,0.07972594555312551,0.02709794781286267,0.35126234905150783,0.0043937101821775815,0.08259720582113135,0.02767270802297421,0.80567410548605956,0.21607595386643522,0.67200467797660468,2285,0,0,0,0,0,0.14637212199999999,0.121488032,212.47704724099992,3494.94921875
4,S,AFEM,16,S_AFEM_k16_r0_46c51777d7df2473,0,32,RefineAdaptiveFem,locally refined the conforming P1 mesh by residual Doerfler marking,5329,5289,788481,,,4,,,0,,,,,,,,,,,,2285,0,0,13.996568996000001,0,0,0,0,226.47372295599996,3494.94921875
4,S,AFEM,16,S_AFEM_k16_r0_46c51777d7df2473,0,33,SolveAdaptiveFem,solved conforming P1 FEM and formed body/jump/impedance residual marking; algebraic residual difference=9.0457991760673633e-15,5329,5289,788481,,,4,,,1.6044223418516268,,,0.066267869695052412,0.019872378824914608,0.29625924441125467,0.0032459772340444767,0.069663560165570265,0.020443993008755022,0.8311957824431786,0.18488991326776608,0.58981707371876546,3293,0,0,0,0,0,0.201327277,0.167597093,226.84336930199993,3494.94921875
4,S,AFEM,16,S_AFEM_k16_r0_46c51777d7df2473,0,34,RefineAdaptiveFem,locally refined the conforming P1 mesh by residual Doerfler marking,7343,7296,788481,,,4,,,0,,,,,,,,,,,,3293,0,0,14.261207665000001,0,0,0,0,241.10472029599993,3494.94921875
4,S,AFEM,16,S_AFEM_k16_r0_46c51777d7df2473,0,35,SolveAdaptiveFem,solved conforming P1 FEM and formed body/jump/impedance residual marking; algebraic residual difference=1.0253122691988472e-14,7343,7296,788481,,,4,,,1.3589417471103633,,,0.05478531040308865,0.015570154352257838,0.2501770643510467,0.0025635603040574878,0.058827615688750473,0.016145957027668745,0.82672508796791677,0.19028306005935977,0.59355156265255471,4549,0,0,0,0,0,0.28004876899999998,0.2325971,241.61812535099995,3494.94921875
4,S,AFEM,16,S_AFEM_k16_r0_46c51777d7df2473,0,36,RefineAdaptiveFem,locally refined the conforming P1 mesh by residual Doerfler marking,10079,10026,788481,,,4,,,0,,,,,,,,,,,,4549,0,0,14.296743348,0,0,0,0,255.915061068,3494.94921875
4,S,AFEM,16,S_AFEM_k16_r0_46c51777d7df2473,0,37,SolveAdaptiveFem,solved conforming P1 FEM and formed body/jump/impedance residual marking; algebraic residual difference=1.2441690607795265e-14,10079,10026,788481,,,4,,,1.1464640452004677,,,0.043890359935209393,0.01083822908322438,0.20758231015895831,0.0018119060358821352,0.048811718202428862,0.011411846620975974,0.80113372749522604,0.22172739516781009,0.70010354737895775,6488,0,0,0,0,0,0.39049698900000002,0.32076780999999999,256.62712944399993,3494.94921875
4,S,AFEM,16,S_AFEM_k16_r0_46c51777d7df2473,0,38,RefineAdaptiveFem,locally refined the conforming P1 mesh by residual Doerfler marking,13961,13897,788481,,,4,,,0,,,,,,,,,,,,6488,0,0,14.29569498,0,0,0,0,270.92309016299993,3494.94921875
4,S,AFEM,16,S_AFEM_k16_r0_46c51777d7df2473,0,39,SolveAdaptiveFem,solved conforming P1 FEM and formed body/jump/impedance residual marking; algebraic residual difference=1.4598982438673861e-14,13961,13897,788481,,,4,,,0.97394378394280035,,,0.035220345895807199,0.007001713986455823,0.17504532584332685,0.0012039925567826548,0.041160844154658219,0.0075830523872122786,0.80246199729961654,0.22007078048915393,0.67544979315439813,8921,0,0,0,0,0,0.54412038699999998,0.44730634499999999,271.91539967199998,3494.94921875
4,S,AFEM,16,S_AFEM_k16_r0_46c51777d7df2473,0,40,RefineAdaptiveFem,locally refined the conforming P1 mesh by residual Doerfler marking,19044,18973,788481,,,4,,,0,,,,,,,,,,,,8921,0,0,14.182781131,0,0,0,0,286.09854471099999,3494.94921875
4,S,AFEM,16,S_AFEM_k16_r0_46c51777d7df2473,0,41,SolveAdaptiveFem,solved conforming P1 FEM and formed body/jump/impedance residual marking; algebraic residual difference=1.7626064823071043e-14,19044,18973,788481,,,4,,,0.83078008415180871,,,0.027988813994217293,0.0050789587218499407,0.14950121283057699,0.00089729703627854465,0.035154301279426932,0.0056514057289299554,0.79467743096609444,0.22981899387793811,0.7401950662385246,12388,0,0,0,0,0,0.77317266100000004,0.61498564,287.48769708799995,3494.94921875
