schema_version,manuscript_sha256,code_commit,case,method,kappa,run_id,repeat_index,epoch,iteration,state,action,stop_reason,N_H,N_h,N_c,ell,kappa_H_max,eta_H,Theta_loc,U_practical,eta_eq_c,eta_dual_c,L_gap_c,dual_check_performed,minimum_reference_level_gap,level_gap_dual_trigger,relative_reference_energy,relative_exact_energy,relative_exact_L2,marked_H,marked_c,rebuilt_correctors,skipped_correctors,skipped_corrector_work_units,time_corrector,time_theta,time_gram_prepare_structure,time_gram_prepare_factorization,time_gram_action_rhs,time_gram_action_patch_solve,time_gram_action_scatter,gram_action_calls,gram_patch_factorizations,gram_factor_cache_hits,gram_factor_cache_misses,gram_parallel_threads,localization_iterations,localization_relative_residual,localization_used_warm_start,time_lod_solve,time_reference_riesz,time_candidate_flux,time_candidate_close,time_candidate_operator_assembly,time_candidate_prolongation,time_candidate_flux_reconstruction,time_candidate_flux_prepare,time_candidate_flux_patch_solve,time_candidate_flux_merge,time_candidate_flux_audit,candidate_flux_parallel_threads,time_candidate_enrich,time_candidate_nvb_refine,time_candidate_embedding_composition,time_candidate_parent_map_update,time_candidate_quasi_interpolation,time_candidate_embedding_validation,time_candidate_dual,time_candidate_dual_operator_assembly,time_candidate_dual_load_assembly,time_candidate_dual_prolongation,time_candidate_dual_solve,time_candidate_dual_prepare,time_candidate_dual_patch_solve,time_candidate_dual_reduction,candidate_dual_patch_factorizations,candidate_dual_parallel_threads,time_mesh,time_total_cumulative,peak_memory_mb
5,sha256:94b0c1469312ce006f3b76d08b30f920115d274f442e3912ca660ccf919bd3f9,WORKTREE@9aeac45440f701f35131108dbec272796c6a5498,S,PALOD-reference-epoch,16,S_PALOD-reference-epoch_k16_r0_92ccb70ad884c5f9,0,0,0,CorrectorCheck,BeginEpoch,,28,800,800,2,8,NA,NA,NA,NA,NA,NA,false,5,false,NA,NA,NA,0,0,0,0,0,0,0,0,0,0,0,0,0,0,0,0,1,0,0,false,0,0,0,0,0,0,0,0,0,0,0,1,0,0,0,0,0,0,0,0,0,0,0,0,0,0,0,1,1.2194e-05,3.2799000000000002e-05,2308.09765625
5,sha256:94b0c1469312ce006f3b76d08b30f920115d274f442e3912ca660ccf919bd3f9,WORKTREE@9aeac45440f701f35131108dbec272796c6a5498,S,PALOD-reference-epoch,16,S_PALOD-reference-epoch_k16_r0_92ccb70ad884c5f9,0,0,1,CorrectorCheck,IncreaseGlobalEll,,28,800,800,3,8,NA,5.4566509169897159,NA,NA,NA,NA,false,NA,false,NA,NA,NA,0,0,48,0,0,0.024005768,0.10239848999999999,0.023977285000000001,0.061519237999999997,0.001421393,0.012887839000000002,5.3739000000000002e-05,28,33,0,33,8,50,9.6180145044946679e-05,false,0,0,0,0,0,0,0,0,0,0,0,1,0,0,0,0,0,0,0,0,0,0,0,0,0,0,0,1,0,0.13324330200000001,2308.09765625
5,sha256:94b0c1469312ce006f3b76d08b30f920115d274f442e3912ca660ccf919bd3f9,WORKTREE@9aeac45440f701f35131108dbec272796c6a5498,S,PALOD-reference-epoch,16,S_PALOD-reference-epoch_k16_r0_92ccb70ad884c5f9,0,0,2,CorrectorCheck,IncreaseGlobalEll,,28,800,800,4,8,NA,2.9274717951845677,NA,NA,NA,NA,false,NA,false,NA,NA,NA,0,0,48,0,0,0.036205815000000002,0.041904205,0.023139185,0.001099498,0.0022760129999999999,0.013724228000000002,6.3292999999999992e-05,28,1,32,1,8,34,9.9734458524682081e-05,true,0,0,0,0,0,0,0,0,0,0,0,1,0,0,0,0,0,0,0,0,0,0,0,0,0,0,0,1,0,0.22067726700000001,2308.09765625
5,sha256:94b0c1469312ce006f3b76d08b30f920115d274f442e3912ca660ccf919bd3f9,WORKTREE@9aeac45440f701f35131108dbec272796c6a5498,S,PALOD-reference-epoch,16,S_PALOD-reference-epoch_k16_r0_92ccb70ad884c5f9,0,0,3,SolveEstimate,AcceptCorrector,,28,800,800,4,8,NA,1.430901517945971,NA,NA,NA,NA,false,NA,false,NA,NA,NA,0,0,48,0,0,0.043167233000000006,0.039022821999999999,0.022206869000000001,0.00089884299999999997,0.0023183220000000003,0.012506326999999999,6.1816999999999994e-05,28,1,32,1,8,34,9.9224367853360291e-05,true,0,0,0,0,0,0,0,0,0,0,0,1,0,0,0,0,0,0,0,0,0,0,0,0,0,0,0,1,0,0.31201226500000001,2308.09765625
5,sha256:94b0c1469312ce006f3b76d08b30f920115d274f442e3912ca660ccf919bd3f9,WORKTREE@9aeac45440f701f35131108dbec272796c6a5498,S,PALOD-reference-epoch,16,S_PALOD-reference-epoch_k16_r0_92ccb70ad884c5f9,0,0,4,ProposeCoarse,SolveAndEstimate,,28,800,800,4,8,10.703667600408624,NA,17.50934198484795,NA,NA,NA,false,NA,false,4.4742782372358283,4.4608327466168483,3.3084743219310782,21,0,0,0,0,0,0,0,0,0,0,0,0,0,0,0,1,0,0,false,0.00031242800000000001,0.0089783459999999999,0,0,0,0,0,0,0,0,0,1,0,0,0,0,0,0,0,0,0,0,0,0,0,0,0,1,0,0.40946076399999998,2308.09765625
5,sha256:94b0c1469312ce006f3b76d08b30f920115d274f442e3912ca660ccf919bd3f9,WORKTREE@9aeac45440f701f35131108dbec272796c6a5498,S,PALOD-reference-epoch,16,S_PALOD-reference-epoch_k16_r0_92ccb70ad884c5f9,0,0,5,CandidateEnrich,ProposeCoarseRefinement,,28,800,800,4,8,NA,NA,NA,NA,NA,NA,false,NA,false,NA,NA,NA,0,0,0,0,0,0,0,0,0,0,0,0,0,0,0,0,1,0,0,false,0,0,0,0,0,0,0,0,0,0,0,1,0,0,0,0,0,0,0,0,0,0,0,0,0,0,0,1,0.0073774080000000002,0.41685781300000002,2308.09765625
5,sha256:94b0c1469312ce006f3b76d08b30f920115d274f442e3912ca660ccf919bd3f9,WORKTREE@9aeac45440f701f35131108dbec272796c6a5498,S,PALOD-reference-epoch,16,S_PALOD-reference-epoch_k16_r0_92ccb70ad884c5f9,0,0,6,LazyDualDecision,EnrichCandidate,,28,800,969,4,8,NA,NA,NA,7.3571150159046423,NA,NA,false,NA,false,NA,NA,NA,0,293,0,0,0,0,0,0,0,0,0,0,0,0,0,0,1,0,0,false,0,0,0.22888775,5.1600000000000001e-07,0.001156965,2.7304000000000002e-05,0.22209077799999999,0.115582962,0.064238988999999996,0.00015908400000000001,0.040253033000000001,8,0.0056095520000000003,0.0032163000000000001,0.00074687699999999996,8.1489999999999994e-06,0.00058469299999999995,0.00094146200000000001,0,0,0,0,0,0,0,0,0,1,0,0.64580649499999998,2308.09765625
5,sha256:94b0c1469312ce006f3b76d08b30f920115d274f442e3912ca660ccf919bd3f9,WORKTREE@9aeac45440f701f35131108dbec272796c6a5498,S,PALOD-reference-epoch,16,S_PALOD-reference-epoch_k16_r0_92ccb70ad884c5f9,0,0,7,CommitCoarse,SkipCandidateDual,,28,800,969,4,8,NA,NA,NA,NA,NA,NA,false,4,false,NA,NA,NA,0,0,0,0,0,0,0,0,0,0,0,0,0,0,0,0,1,0,0,false,0,0,0,0,0,0,0,0,0,0,0,1,0,0,0,0,0,0,0,0,0,0,0,0,0,0,0,1,0,0.64581880700000005,2308.09765625
5,sha256:94b0c1469312ce006f3b76d08b30f920115d274f442e3912ca660ccf919bd3f9,WORKTREE@9aeac45440f701f35131108dbec272796c6a5498,S,PALOD-reference-epoch,16,S_PALOD-reference-epoch_k16_r0_92ccb70ad884c5f9,0,0,8,CorrectorCheck,CommitCoarseRefinement,,43,800,969,4,8,NA,NA,NA,NA,NA,NA,false,NA,false,NA,NA,NA,0,0,0,0,0,0,0,0,0,0,0,0,0,0,0,0,1,0,0,false,0,0,0,0,0,0,0,0,0,0,0,1,0,0,0,0,0,0,0,0,0,0,0,0,0,0,0,1,0.0023495970000000001,0.64818054599999997,2308.09765625
5,sha256:94b0c1469312ce006f3b76d08b30f920115d274f442e3912ca660ccf919bd3f9,WORKTREE@9aeac45440f701f35131108dbec272796c6a5498,S,PALOD-reference-epoch,16,S_PALOD-reference-epoch_k16_r0_92ccb70ad884c5f9,0,0,9,CorrectorCheck,IncreaseGlobalEll,,43,800,969,5,8,NA,6.2405356552452851,NA,NA,NA,NA,false,NA,false,NA,NA,NA,0,0,74,0,0,0.069137091999999997,0.13841922300000001,0.032506938999999999,0.071391634999999995,0.0066483660000000002,0.026038402999999998,0.00036761600000000003,43,52,0,52,8,34,8.2102423940402729e-05,true,0,0,0,0,0,0,0,0,0,0,0,1,0,0,0,0,0,0,0,0,0,0,0,0,0,0,0,1,0,0.86771169699999995,2308.09765625
5,sha256:94b0c1469312ce006f3b76d08b30f920115d274f442e3912ca660ccf919bd3f9,WORKTREE@9aeac45440f701f35131108dbec272796c6a5498,S,PALOD-reference-epoch,16,S_PALOD-reference-epoch_k16_r0_92ccb70ad884c5f9,0,0,10,CorrectorCheck,IncreaseGlobalEll,,43,800,969,6,8,NA,4.733476051573815,NA,NA,NA,NA,false,NA,false,NA,NA,NA,0,0,74,0,0,0.067135400999999997,0.084814495000000004,0.035425079999999998,0.017386886000000001,0.0045957960000000001,0.025437796000000002,0.00028332999999999999,43,15,37,15,8,8,4.3901452472477873e-05,true,0,0,0,0,0,0,0,0,0,0,0,1,0,0,0,0,0,0,0,0,0,0,0,0,0,0,0,1,0,1.0341269609999999,2308.09765625
5,sha256:94b0c1469312ce006f3b76d08b30f920115d274f442e3912ca660ccf919bd3f9,WORKTREE@9aeac45440f701f35131108dbec272796c6a5498,S,PALOD-reference-epoch,16,S_PALOD-reference-epoch_k16_r0_92ccb70ad884c5f9,0,0,11,CorrectorCheck,IncreaseGlobalEll,,43,800,969,7,8,NA,3.2888679063261814,NA,NA,NA,NA,false,NA,false,NA,NA,NA,0,0,74,0,0,0.043753895000000001,0.101546488,0.035414754,0.029185202,0.0045144080000000001,0.030344510999999998,0.00023232500000000002,43,20,32,20,8,4,7.6658349656258574e-05,true,0,0,0,0,0,0,0,0,0,0,0,1,0,0,0,0,0,0,0,0,0,0,0,0,0,0,0,1,0,1.1948406069999999,2308.09765625
5,sha256:94b0c1469312ce006f3b76d08b30f920115d274f442e3912ca660ccf919bd3f9,WORKTREE@9aeac45440f701f35131108dbec272796c6a5498,S,PALOD-reference-epoch,16,S_PALOD-reference-epoch_k16_r0_92ccb70ad884c5f9,0,0,12,SolveEstimate,AcceptCorrector,,43,800,969,7,8,NA,5.1627784615204465e-08,NA,NA,NA,NA,false,NA,false,NA,NA,NA,0,0,74,0,0,0.030340584,0.087723778000000002,0.03672454,0.017058024000000001,0.0055249790000000002,0.026039821000000001,0.00020035399999999997,43,15,37,15,8,1,3.8957988558907748e-15,true,0,0,0,0,0,0,0,0,0,0,0,1,0,0,0,0,0,0,0,0,0,0,0,0,0,0,0,1,0,1.3279254979999999,2308.09765625
5,sha256:94b0c1469312ce006f3b76d08b30f920115d274f442e3912ca660ccf919bd3f9,WORKTREE@9aeac45440f701f35131108dbec272796c6a5498,S,PALOD-reference-epoch,16,S_PALOD-reference-epoch_k16_r0_92ccb70ad884c5f9,0,0,13,ProposeCoarse,SolveAndEstimate,,43,800,969,7,8,10.275676729491469,NA,16.809223221350912,NA,NA,NA,false,NA,false,4.4265178483024261,4.4346095741917884,3.284592115125887,28,0,0,0,0,0,0,0,0,0,0,0,0,0,0,0,1,0,0,false,0.00037300700000000002,0.015003175000000001,0,0,0,0,0,0,0,0,0,1,0,0,0,0,0,0,0,0,0,0,0,0,0,0,0,1,0,1.4302739739999999,2308.09765625
5,sha256:94b0c1469312ce006f3b76d08b30f920115d274f442e3912ca660ccf919bd3f9,WORKTREE@9aeac45440f701f35131108dbec272796c6a5498,S,PALOD-reference-epoch,16,S_PALOD-reference-epoch_k16_r0_92ccb70ad884c5f9,0,0,14,CandidateEnrich,ProposeCoarseRefinement,,43,800,969,7,8,NA,NA,NA,NA,NA,NA,false,NA,false,NA,NA,NA,0,0,0,0,0,0,0,0,0,0,0,0,0,0,0,0,1,0,0,false,0,0,0,0,0,0,0,0,0,0,0,1,0,0,0,0,0,0,0,0,0,0,0,0,0,0,0,1,0.0094924350000000005,1.4397823219999999,2308.09765625
5,sha256:94b0c1469312ce006f3b76d08b30f920115d274f442e3912ca660ccf919bd3f9,WORKTREE@9aeac45440f701f35131108dbec272796c6a5498,S,PALOD-reference-epoch,16,S_PALOD-reference-epoch_k16_r0_92ccb70ad884c5f9,0,0,15,LazyDualDecision,EnrichCandidate,,43,800,1199,7,8,NA,NA,NA,9.2175592899875998,NA,NA,false,NA,false,NA,NA,NA,0,286,0,0,0,0,0,0,0,0,0,0,0,0,0,0,1,0,0,false,0,0,0.26182394599999997,5.7800000000000001e-07,0.001664998,5.0871000000000001e-05,0.25188754200000002,0.121942306,0.079981991000000002,0.00029606100000000002,0.048130928000000003,8,0.0082182490000000004,0.0050838999999999997,0.00090736799999999998,7.6490000000000008e-06,0.00076453199999999995,0.00127301,0,0,0,0,0,0,0,0,0,1,0,1.7016943470000001,2308.09765625
5,sha256:94b0c1469312ce006f3b76d08b30f920115d274f442e3912ca660ccf919bd3f9,WORKTREE@9aeac45440f701f35131108dbec272796c6a5498,S,PALOD-reference-epoch,16,S_PALOD-reference-epoch_k16_r0_92ccb70ad884c5f9,0,0,16,CommitCoarse,SkipCandidateDual,,43,800,1199,7,8,NA,NA,NA,NA,NA,NA,false,3,false,NA,NA,NA,0,0,0,0,0,0,0,0,0,0,0,0,0,0,0,0,1,0,0,false,0,0,0,0,0,0,0,0,0,0,0,1,0,0,0,0,0,0,0,0,0,0,0,0,0,0,0,1,0,1.7017244499999999,2308.09765625
5,sha256:94b0c1469312ce006f3b76d08b30f920115d274f442e3912ca660ccf919bd3f9,WORKTREE@9aeac45440f701f35131108dbec272796c6a5498,S,PALOD-reference-epoch,16,S_PALOD-reference-epoch_k16_r0_92ccb70ad884c5f9,0,0,17,CorrectorCheck,CommitCoarseRefinement,,68,800,1199,7,8,NA,NA,NA,NA,NA,NA,false,NA,false,NA,NA,NA,0,0,0,0,0,0,0,0,0,0,0,0,0,0,0,0,1,0,0,false,0,0,0,0,0,0,0,0,0,0,0,1,0,0,0,0,0,0,0,0,0,0,0,0,0,0,0,1,0.0040104509999999999,1.7057525019999999,2308.09765625
5,sha256:94b0c1469312ce006f3b76d08b30f920115d274f442e3912ca660ccf919bd3f9,WORKTREE@9aeac45440f701f35131108dbec272796c6a5498,S,PALOD-reference-epoch,16,S_PALOD-reference-epoch_k16_r0_92ccb70ad884c5f9,0,0,18,SolveEstimate,AcceptCorrector,,68,800,1199,7,8,NA,0.85030766872720209,NA,NA,NA,NA,false,NA,false,NA,NA,NA,0,0,124,0,0,0.15463784699999999,0.19287595799999999,0.056814081000000002,0.069406501999999995,0.016688804000000002,0.045815821999999999,0.00088946499999999987,68,77,0,77,8,2,1.3473754682748897e-05,true,0,0,0,0,0,0,0,0,0,0,0,1,0,0,0,0,0,0,0,0,0,0,0,0,0,0,0,1,0,2.0768832719999999,2308.09765625
5,sha256:94b0c1469312ce006f3b76d08b30f920115d274f442e3912ca660ccf919bd3f9,WORKTREE@9aeac45440f701f35131108dbec272796c6a5498,S,PALOD-reference-epoch,16,S_PALOD-reference-epoch_k16_r0_92ccb70ad884c5f9,0,0,19,ProposeCoarse,SolveAndEstimate,,68,800,1199,7,8,5.0948592490211277,NA,8.3343052387361993,NA,NA,NA,false,NA,false,2.9614376300133065,2.9621180139021779,2.1494896768354996,43,0,0,0,0,0,0,0,0,0,0,0,0,0,0,0,1,0,0,false,0.00061159400000000003,0.015836698,0,0,0,0,0,0,0,0,0,1,0,0,0,0,0,0,0,0,0,0,0,0,0,0,0,1,0,2.1762498450000001,2308.09765625
5,sha256:94b0c1469312ce006f3b76d08b30f920115d274f442e3912ca660ccf919bd3f9,WORKTREE@9aeac45440f701f35131108dbec272796c6a5498,S,PALOD-reference-epoch,16,S_PALOD-reference-epoch_k16_r0_92ccb70ad884c5f9,0,0,20,CandidateEnrich,ProposeCoarseRefinement,,68,800,1199,7,8,NA,NA,NA,NA,NA,NA,false,NA,false,NA,NA,NA,0,0,0,0,0,0,0,0,0,0,0,0,0,0,0,0,1,0,0,false,0,0,0,0,0,0,0,0,0,0,0,1,0,0,0,0,0,0,0,0,0,0,0,0,0,0,0,1,0.014014732,2.1902854,2308.09765625
5,sha256:94b0c1469312ce006f3b76d08b30f920115d274f442e3912ca660ccf919bd3f9,WORKTREE@9aeac45440f701f35131108dbec272796c6a5498,S,PALOD-reference-epoch,16,S_PALOD-reference-epoch_k16_r0_92ccb70ad884c5f9,0,0,21,LazyDualDecision,EnrichCandidate,,68,800,1376,7,8,NA,NA,NA,7.1327102397723277,NA,NA,false,NA,false,NA,NA,NA,0,202,0,0,0,0,0,0,0,0,0,0,0,0,0,0,1,0,0,false,0,0,0.33889645400000001,4.9500000000000003e-07,0.0028272940000000002,5.6310999999999997e-05,0.32594299300000001,0.14744524000000001,0.109669697,0.00040578400000000002,0.066391799000000001,8,0.010068478,0.006122621,0.00097937299999999996,8.7159999999999992e-06,0.001015054,0.0017143690000000001,0,0,0,0,0,0,0,0,0,1,0,2.5292751130000002,2308.09765625
5,sha256:94b0c1469312ce006f3b76d08b30f920115d274f442e3912ca660ccf919bd3f9,WORKTREE@9aeac45440f701f35131108dbec272796c6a5498,S,PALOD-reference-epoch,16,S_PALOD-reference-epoch_k16_r0_92ccb70ad884c5f9,0,0,22,ReferenceRefresh,SkipCandidateDual,,68,800,1376,7,8,NA,NA,NA,NA,NA,NA,false,2,true,NA,NA,NA,0,0,0,0,0,0,0,0,0,0,0,0,0,0,0,0,1,0,0,false,0,0,0,0,0,0,0,0,0,0,0,1,0,0,0,0,0,0,0,0,0,0,0,0,0,0,0,1,0,2.5293203540000002,2308.09765625
5,sha256:94b0c1469312ce006f3b76d08b30f920115d274f442e3912ca660ccf919bd3f9,WORKTREE@9aeac45440f701f35131108dbec272796c6a5498,S,PALOD-reference-epoch,16,S_PALOD-reference-epoch_k16_r0_92ccb70ad884c5f9,0,0,23,CommitCoarse,RefreshReference,,68,3156,3156,7,8,NA,NA,NA,NA,NA,NA,false,5,false,NA,NA,NA,0,0,0,0,0,0,0,0,0,0,0,0,0,0,0,0,1,0,0,false,0,0,0,0,0,0,0,0,0,0,0,1,0,0,0,0,0,0,0,0,0,0,0,0,0,0,0,1,0.067084701999999996,2.5964650269999998,2308.09765625
5,sha256:94b0c1469312ce006f3b76d08b30f920115d274f442e3912ca660ccf919bd3f9,WORKTREE@9aeac45440f701f35131108dbec272796c6a5498,S,PALOD-reference-epoch,16,S_PALOD-reference-epoch_k16_r0_92ccb70ad884c5f9,0,1,24,EpochInit,CommitCoarseRefinement,,98,3156,3156,7,8,NA,NA,NA,NA,NA,NA,false,NA,false,NA,NA,NA,0,0,0,0,0,0,0,0,0,0,0,0,0,0,0,0,1,0,0,false,0,0,0,0,0,0,0,0,0,0,0,1,0,0,0,0,0,0,0,0,0,0,0,0,0,0,0,1,0.0097984160000000008,2.6062875980000002,2308.09765625
5,sha256:94b0c1469312ce006f3b76d08b30f920115d274f442e3912ca660ccf919bd3f9,WORKTREE@9aeac45440f701f35131108dbec272796c6a5498,S,PALOD-reference-epoch,16,S_PALOD-reference-epoch_k16_r0_92ccb70ad884c5f9,0,1,25,CorrectorCheck,BeginEpoch,,98,3156,3156,7,8,NA,NA,NA,NA,NA,NA,false,5,false,NA,NA,NA,0,0,0,0,0,0,0,0,0,0,0,0,0,0,0,0,1,0,0,false,0,0,0,0,0,0,0,0,0,0,0,1,0,0,0,0,0,0,0,0,0,0,0,0,0,0,0,1,4.4195e-05,2.6063540349999998,2308.09765625
5,sha256:94b0c1469312ce006f3b76d08b30f920115d274f442e3912ca660ccf919bd3f9,WORKTREE@9aeac45440f701f35131108dbec272796c6a5498,S,PALOD-reference-epoch,16,S_PALOD-reference-epoch_k16_r0_92ccb70ad884c5f9,0,1,26,SolveEstimate,AcceptCorrector,,98,3156,3156,7,8,NA,0.00037526949608142552,NA,NA,NA,NA,false,NA,false,NA,NA,NA,0,0,186,0,0,1.8066935940000002,1.5465623100000001,0.45155573399999999,0.53165149199999995,0.099012141999999997,0.44512448199999999,0.0022290370000000001,98,109,0,109,8,1,5.6634169983749763e-08,true,0,0,0,0,0,0,0,0,0,0,0,1,0,0,0,0,0,0,0,0,0,0,0,0,0,0,0,1,0,6.119495873,2308.09765625
5,sha256:94b0c1469312ce006f3b76d08b30f920115d274f442e3912ca660ccf919bd3f9,WORKTREE@9aeac45440f701f35131108dbec272796c6a5498,S,PALOD-reference-epoch,16,S_PALOD-reference-epoch_k16_r0_92ccb70ad884c5f9,0,1,27,ProposeCoarse,SolveAndEstimate,,98,3156,3156,7,8,4.068289544333771,NA,6.6550154194251911,NA,NA,NA,false,NA,false,2.012859858834946,2.0104446550632948,1.4457459127222385,64,0,0,0,0,0,0,0,0,0,0,0,0,0,0,0,1,0,0,false,0.0082421049999999996,0.100888675,0,0,0,0,0,0,0,0,0,1,0,0,0,0,0,0,0,0,0,0,0,0,0,0,0,1,0,6.5961930119999996,2308.09765625
5,sha256:94b0c1469312ce006f3b76d08b30f920115d274f442e3912ca660ccf919bd3f9,WORKTREE@9aeac45440f701f35131108dbec272796c6a5498,S,PALOD-reference-epoch,16,S_PALOD-reference-epoch_k16_r0_92ccb70ad884c5f9,0,1,28,CandidateEnrich,ProposeCoarseRefinement,,98,3156,3156,7,8,NA,NA,NA,NA,NA,NA,false,NA,false,NA,NA,NA,0,0,0,0,0,0,0,0,0,0,0,0,0,0,0,0,1,0,0,false,0,0,0,0,0,0,0,0,0,0,0,1,0,0,0,0,0,0,0,0,0,0,0,0,0,0,0,1,0.053001880000000001,6.6492227069999998,2308.09765625
5,sha256:94b0c1469312ce006f3b76d08b30f920115d274f442e3912ca660ccf919bd3f9,WORKTREE@9aeac45440f701f35131108dbec272796c6a5498,S,PALOD-reference-epoch,16,S_PALOD-reference-epoch_k16_r0_92ccb70ad884c5f9,0,1,29,LazyDualDecision,EnrichCandidate,,98,3156,3380,7,8,NA,NA,NA,5.1137597170751885,NA,NA,false,NA,false,NA,NA,NA,0,341,0,0,0,0,0,0,0,0,0,0,0,0,0,0,1,0,0,false,0,0,0.86088553999999995,5.9200000000000001e-07,0.0061274659999999998,4.3684999999999999e-05,0.82787398499999998,0.38522123200000002,0.27093234900000002,0.00076366300000000004,0.16457490599999999,8,0.026810591000000002,0.017326004999999998,0.002094378,2.5174999999999999e-05,0.0028142670000000001,0.00401199,0,0,0,0,0,0,0,0,0,1,0,7.5103806110000004,2308.09765625
5,sha256:94b0c1469312ce006f3b76d08b30f920115d274f442e3912ca660ccf919bd3f9,WORKTREE@9aeac45440f701f35131108dbec272796c6a5498,S,PALOD-reference-epoch,16,S_PALOD-reference-epoch_k16_r0_92ccb70ad884c5f9,0,1,30,CommitCoarse,SkipCandidateDual,,98,3156,3380,7,8,NA,NA,NA,NA,NA,NA,false,3,false,NA,NA,NA,0,0,0,0,0,0,0,0,0,0,0,0,0,0,0,0,1,0,0,false,0,0,0,0,0,0,0,0,0,0,0,1,0,0,0,0,0,0,0,0,0,0,0,0,0,0,0,1,0,7.510414484,2308.09765625
5,sha256:94b0c1469312ce006f3b76d08b30f920115d274f442e3912ca660ccf919bd3f9,WORKTREE@9aeac45440f701f35131108dbec272796c6a5498,S,PALOD-reference-epoch,16,S_PALOD-reference-epoch_k16_r0_92ccb70ad884c5f9,0,1,31,CorrectorCheck,CommitCoarseRefinement,,148,3156,3380,7,5.6568542494923806,NA,NA,NA,NA,NA,NA,false,NA,false,NA,NA,NA,0,0,0,0,0,0,0,0,0,0,0,0,0,0,0,0,1,0,0,false,0,0,0,0,0,0,0,0,0,0,0,1,0,0,0,0,0,0,0,0,0,0,0,0,0,0,0,1,0.012296731,7.5227322650000001,2308.09765625
5,sha256:94b0c1469312ce006f3b76d08b30f920115d274f442e3912ca660ccf919bd3f9,WORKTREE@9aeac45440f701f35131108dbec272796c6a5498,S,PALOD-reference-epoch,16,S_PALOD-reference-epoch_k16_r0_92ccb70ad884c5f9,0,1,32,SolveEstimate,AcceptCorrector,,148,3156,3380,7,5.6568542494923806,NA,0.00012508676367227502,NA,NA,NA,NA,false,NA,false,NA,NA,NA,0,0,284,0,0,2.706414863,1.082490138,0.58135776800000005,0.45184922300000002,0.0046342120000000004,0.024890182,0.00072355900000000003,4,155,6,155,8,1,8.7508802492919616e-08,true,0,0,0,0,0,0,0,0,0,0,0,1,0,0,0,0,0,0,0,0,0,0,0,0,0,0,0,1,0,11.524134041,2308.09765625
5,sha256:94b0c1469312ce006f3b76d08b30f920115d274f442e3912ca660ccf919bd3f9,WORKTREE@9aeac45440f701f35131108dbec272796c6a5498,S,PALOD-reference-epoch,16,S_PALOD-reference-epoch_k16_r0_92ccb70ad884c5f9,0,1,33,WorkLimitReached,StopWorkLimit,maximum_H_steps reached,148,3156,3380,7,5.6568542494923806,NA,NA,NA,NA,NA,NA,false,NA,false,NA,NA,NA,0,0,0,0,0,0,0,0,0,0,0,0,0,0,0,0,1,0,0,false,0,0,0,0,0,0,0,0,0,0,0,1,0,0,0,0,0,0,0,0,0,0,0,0,0,0,0,1,0,11.524170659999999,2308.09765625
